STRUCTURE,STRUCTURE_ID,STRUCTURE_NAME,freq,Time frequency,unit,Unit of measure,s_adj,Seasonal adjustment,indic,Indicator,geo,Geopolitical entity (reporting),TIME_PERIOD,Time,OBS_VALUE,Observation value,OBS_FLAG,Observation status (Flag) V2 structure,CONF_STATUS,Confidentiality status (flag)
dataflow,ESTAT:EI_LMHR_M(1.0),Unemployment rate (%) - monthly data,M,Monthly,PC_ACT,Percentage of population in the labour force,NSA,Unadjusted data (i.e. neither seasonally adjusted nor calendar adjusted data),LM-UN-F-GT25,Unemployment according to ILO definition - over 25 years - females,EA20,Euro area – 20 countries (2023-2025),2018-09,,7.3,,,,,
dataflow,ESTAT:EI_LMHR_M(1.0),Unemployment rate (%) - monthly data,M,Monthly,PC_ACT,Percentage of population in the labour force,NSA,Unadjusted data (i.e. neither seasonally adjusted nor calendar adjusted data),LM-UN-F-GT25,Unemployment according to ILO definition - over 25 years - females,EA20,Euro area – 20 countries (2023-2025),2018-10,,7.6,,,,,
dataflow,ESTAT:EI_LMHR_M(1.0),Unemployment rate (%) - monthly data,M,Monthly,PC_ACT,Percentage of population in the labour force,NSA,Unadjusted data (i.e. neither seasonally adjusted nor calendar adjusted data),LM-UN-F-GT25,Unemployment according to ILO definition - over 25 years - females,EA20,Euro area – 20 countries (2023-2025),2018-11,,7.7,,,,,
dataflow,ESTAT:EI_LMHR_M(1.0),Unemployment rate (%) - monthly data,M,Monthly,PC_ACT,Percentage of population in the labour force,NSA,Unadjusted data (i.e. neither seasonally adjusted nor calendar adjusted data),LM-UN-F-GT25,Unemployment according to ILO definition - over 25 years - females,EA20,Euro area – 20 countries (2023-2025),2018-12,,7.5,,,,,
dataflow,ESTAT:EI_LMHR_M(1.0),Unemployment rate (%) - monthly data,M,Monthly,PC_ACT,Percentage of population in the labour force,NSA,Unadjusted data (i.e. neither seasonally adjusted nor calendar adjusted data),LM-UN-F-GT25,Unemployment according to ILO definition - over 25 years - females,EA20,Euro area – 20 countries (2023-2025),2019-01,,7.9,,,,,
dataflow,ESTAT:EI_LMHR_M(1.0),Unemployment rate (%) - monthly data,M,Monthly,PC_ACT,Percentage of population in the labour force,NSA,Unadjusted data (i.e. neither seasonally adjusted nor calendar adjusted data),LM-UN-F-GT25,Unemployment according to ILO definition - over 25 years - females,EA20,Euro area – 20 countries (2023-2025),2019-02,,7.8,,,,,
dataflow,ESTAT:EI_LMHR_M(1.0),Unemployment rate (%) - monthly data,M,Monthly,PC_ACT,Percentage of population in the labour force,NSA,Unadjusted data (i.e. neither seasonally adjusted nor calendar adjusted data),LM-UN-F-GT25,Unemployment according to ILO definition - over 25 years - females,EA20,Euro area – 20 countries (2023-2025),2019-03,,7.6,,,,,
dataflow,ESTAT:EI_LMHR_M(1.0),Unemployment rate (%) - monthly data,M,Monthly,PC_ACT,Percentage of population in the labour force,NSA,Unadjusted data (i.e. neither seasonally adjusted nor calendar adjusted data),LM-UN-F-GT25,Unemployment according to ILO definition - over 25 years - females,EA20,Euro area – 20 countries (2023-2025),2019-04,,7.4,,,,,
dataflow,ESTAT:EI_LMHR_M(1.0),Unemployment rate (%) - monthly data,M,Monthly,PC_ACT,Percentage of population in the labour force,NSA,Unadjusted data (i.e. neither seasonally adjusted nor calendar adjusted data),LM-UN-F-GT25,Unemployment according to ILO definition - over 25 years - females,EA20,Euro area – 20 countries (2023-2025),2019-05,,7.0,,,,,
dataflow,ESTAT:EI_LMHR_M(1.0),Unemployment rate (%) - monthly data,M,Monthly,PC_ACT,Percentage of population in the labour force,NSA,Unadjusted data (i.e. neither seasonally adjusted nor calendar adjusted data),LM-UN-F-GT25,Unemployment according to ILO definition - over 25 years - females,EA20,Euro area – 20 countries (2023-2025),2019-06,,6.9,,,,,
dataflow,ESTAT:EI_LMHR_M(1.0),Unemployment rate (%) - monthly data,M,Monthly,PC_ACT,Percentage of population in the labour force,NSA,Unadjusted data (i.e. neither seasonally adjusted nor calendar adjusted data),LM-UN-F-GT25,Unemployment according to ILO definition - over 25 years - females,EA20,Euro area – 20 countries (2023-2025),2019-07,,7.0,,,,,
dataflow,ESTAT:EI_LMHR_M(1.0),Unemployment rate (%) - monthly data,M,Monthly,PC_ACT,Percentage of population in the labour force,NSA,Unadjusted data (i.e. neither seasonally adjusted nor calendar adjusted data),LM-UN-F-GT25,Unemployment according to ILO definition - over 25 years - females,EA20,Euro area – 20 countries (2023-2025),2019-08,,7.0,,,,,
dataflow,ESTAT:EI_LMHR_M(1.0),Unemployment rate (%) - monthly data,M,Monthly,PC_ACT,Percentage of population in the labour force,NSA,Unadjusted data (i.e. neither seasonally adjusted nor calendar adjusted data),LM-UN-F-GT25,Unemployment according to ILO definition - over 25 years - females,EA20,Euro area – 20 countries (2023-2025),2019-09,,6.9,,,,,
dataflow,ESTAT:EI_LMHR_M(1.0),Unemployment rate (%) - monthly data,M,Monthly,PC_ACT,Percentage of population in the labour force,NSA,Unadjusted data (i.e. neither seasonally adjusted nor calendar adjusted data),LM-UN-F-GT25,Unemployment according to ILO definition - over 25 years - females,EA20,Euro area – 20 countries (2023-2025),2019-10,,7.0,,,,,
dataflow,ESTAT:EI_LMHR_M(1.0),Unemployment rate (%) - monthly data,M,Monthly,PC_ACT,Percentage of population in the labour force,NSA,Unadjusted data (i.e. neither seasonally adjusted nor calendar adjusted data),LM-UN-F-GT25,Unemployment according to ILO definition - over 25 years - females,EA20,Euro area – 20 countries (2023-2025),2019-11,,7.2,,,,,
dataflow,ESTAT:EI_LMHR_M(1.0),Unemployment rate (%) - monthly data,M,Monthly,PC_ACT,Percentage of population in the labour force,NSA,Unadjusted data (i.e. neither seasonally adjusted nor calendar adjusted data),LM-UN-F-GT25,Unemployment according to ILO definition - over 25 years - females,EA20,Euro area – 20 countries (2023-2025),2019-12,,7.0,,,,,
dataflow,ESTAT:EI_LMHR_M(1.0),Unemployment rate (%) - monthly data,M,Monthly,PC_ACT,Percentage of population in the labour force,NSA,Unadjusted data (i.e. neither seasonally adjusted nor calendar adjusted data),LM-UN-F-GT25,Unemployment according to ILO definition - over 25 years - females,EA20,Euro area – 20 countries (2023-2025),2020-01,,7.5,,,,,
dataflow,ESTAT:EI_LMHR_M(1.0),Unemployment rate (%) - monthly data,M,Monthly,PC_ACT,Percentage of population in the labour force,NSA,Unadjusted data (i.e. neither seasonally adjusted nor calendar adjusted data),LM-UN-F-GT25,Unemployment according to ILO definition - over 25 years - females,EA20,Euro area – 20 countries (2023-2025),2020-02,,7.2,,,,,
dataflow,ESTAT:EI_LMHR_M(1.0),Unemployment rate (%) - monthly data,M,Monthly,PC_ACT,Percentage of population in the labour force,NSA,Unadjusted data (i.e. neither seasonally adjusted nor calendar adjusted data),LM-UN-F-GT25,Unemployment according to ILO definition - over 25 years - females,EA20,Euro area – 20 countries (2023-2025),2020-03,,6.9,,,,,
dataflow,ESTAT:EI_LMHR_M(1.0),Unemployment rate (%) - monthly data,M,Monthly,PC_ACT,Percentage of population in the labour force,NSA,Unadjusted data (i.e. neither seasonally adjusted nor calendar adjusted data),LM-UN-F-GT25,Unemployment according to ILO definition - over 25 years - females,EA20,Euro area – 20 countries (2023-2025),2020-04,,6.4,,,,,
dataflow,ESTAT:EI_LMHR_M(1.0),Unemployment rate (%) - monthly data,M,Monthly,PC_ACT,Percentage of population in the labour force,NSA,Unadjusted data (i.e. neither seasonally adjusted nor calendar adjusted data),LM-UN-F-GT25,Unemployment according to ILO definition - over 25 years - females,EA20,Euro area – 20 countries (2023-2025),2020-05,,6.6,,,,,
dataflow,ESTAT:EI_LMHR_M(1.0),Unemployment rate (%) - monthly data,M,Monthly,PC_ACT,Percentage of population in the labour force,NSA,Unadjusted data (i.e. neither seasonally adjusted nor calendar adjusted data),LM-UN-F-GT25,Unemployment according to ILO definition - over 25 years - females,EA20,Euro area – 20 countries (2023-2025),2020-06,,7.1,,,,,
dataflow,ESTAT:EI_LMHR_M(1.0),Unemployment rate (%) - monthly data,M,Monthly,PC_ACT,Percentage of population in the labour force,NSA,Unadjusted data (i.e. neither seasonally adjusted nor calendar adjusted data),LM-UN-F-GT25,Unemployment according to ILO definition - over 25 years - females,EA20,Euro area – 20 countries (2023-2025),2020-07,,7.8,,,,,
dataflow,ESTAT:EI_LMHR_M(1.0),Unemployment rate (%) - monthly data,M,Monthly,PC_ACT,Percentage of population in the labour force,NSA,Unadjusted data (i.e. neither seasonally adjusted nor calendar adjusted data),LM-UN-F-GT25,Unemployment according to ILO definition - over 25 years - females,EA20,Euro area – 20 countries (2023-2025),2020-08,,8.0,,,,,
dataflow,ESTAT:EI_LMHR_M(1.0),Unemployment rate (%) - monthly data,M,Monthly,PC_ACT,Percentage of population in the labour force,NSA,Unadjusted data (i.e. neither seasonally adjusted nor calendar adjusted data),LM-UN-F-GT25,Unemployment according to ILO definition - over 25 years - females,EA20,Euro area – 20 countries (2023-2025),2020-09,,8.2,,,,,
dataflow,ESTAT:EI_LMHR_M(1.0),Unemployment rate (%) - monthly data,M,Monthly,PC_ACT,Percentage of population in the labour force,NSA,Unadjusted data (i.e. neither seasonally adjusted nor calendar adjusted data),LM-UN-F-LE25,Unemployment according to ILO definition - under 25 years - females,EA20,Euro area – 20 countries (2023-2025),2018-09,,17.6,,,,,
dataflow,ESTAT:EI_LMHR_M(1.0),Unemployment rate (%) - monthly data,M,Monthly,PC_ACT,Percentage of population in the labour force,NSA,Unadjusted data (i.e. neither seasonally adjusted nor calendar adjusted data),LM-UN-F-LE25,Unemployment according to ILO definition - under 25 years - females,EA20,Euro area – 20 countries (2023-2025),2018-10,,18.1,,,,,
dataflow,ESTAT:EI_LMHR_M(1.0),Unemployment rate (%) - monthly data,M,Monthly,PC_ACT,Percentage of population in the labour force,NSA,Unadjusted data (i.e. neither seasonally adjusted nor calendar adjusted data),LM-UN-F-LE25,Unemployment according to ILO definition - under 25 years - females,EA20,Euro area – 20 countries (2023-2025),2018-11,,16.7,,,,,
dataflow,ESTAT:EI_LMHR_M(1.0),Unemployment rate (%) - monthly data,M,Monthly,PC_ACT,Percentage of population in the labour force,NSA,Unadjusted data (i.e. neither seasonally adjusted nor calendar adjusted data),LM-UN-F-LE25,Unemployment according to ILO definition - under 25 years - females,EA20,Euro area – 20 countries (2023-2025),2018-12,,16.2,,,,,
dataflow,ESTAT:EI_LMHR_M(1.0),Unemployment rate (%) - monthly data,M,Monthly,PC_ACT,Percentage of population in the labour force,NSA,Unadjusted data (i.e. neither seasonally adjusted nor calendar adjusted data),LM-UN-F-LE25,Unemployment according to ILO definition - under 25 years - females,EA20,Euro area – 20 countries (2023-2025),2019-01,,17.0,,,,,
dataflow,ESTAT:EI_LMHR_M(1.0),Unemployment rate (%) - monthly data,M,Monthly,PC_ACT,Percentage of population in the labour force,NSA,Unadjusted data (i.e. neither seasonally adjusted nor calendar adjusted data),LM-UN-F-LE25,Unemployment according to ILO definition - under 25 years - females,EA20,Euro area – 20 countries (2023-2025),2019-02,,17.3,,,,,
dataflow,ESTAT:EI_LMHR_M(1.0),Unemployment rate (%) - monthly data,M,Monthly,PC_ACT,Percentage of population in the labour force,NSA,Unadjusted data (i.e. neither seasonally adjusted nor calendar adjusted data),LM-UN-F-LE25,Unemployment according to ILO definition - under 25 years - females,EA20,Euro area – 20 countries (2023-2025),2019-03,,16.5,,,,,
dataflow,ESTAT:EI_LMHR_M(1.0),Unemployment rate (%) - monthly data,M,Monthly,PC_ACT,Percentage of population in the labour force,NSA,Unadjusted data (i.e. neither seasonally adjusted nor calendar adjusted data),LM-UN-F-LE25,Unemployment according to ILO definition - under 25 years - females,EA20,Euro area – 20 countries (2023-2025),2019-04,,16.0,,,,,
dataflow,ESTAT:EI_LMHR_M(1.0),Unemployment rate (%) - monthly data,M,Monthly,PC_ACT,Percentage of population in the labour force,NSA,Unadjusted data (i.e. neither seasonally adjusted nor calendar adjusted data),LM-UN-F-LE25,Unemployment according to ILO definition - under 25 years - females,EA20,Euro area – 20 countries (2023-2025),2019-05,,16.3,,,,,
dataflow,ESTAT:EI_LMHR_M(1.0),Unemployment rate (%) - monthly data,M,Monthly,PC_ACT,Percentage of population in the labour force,NSA,Unadjusted data (i.e. neither seasonally adjusted nor calendar adjusted data),LM-UN-F-LE25,Unemployment according to ILO definition - under 25 years - females,EA20,Euro area – 20 countries (2023-2025),2019-06,,15.0,,,,,
dataflow,ESTAT:EI_LMHR_M(1.0),Unemployment rate (%) - monthly data,M,Monthly,PC_ACT,Percentage of population in the labour force,NSA,Unadjusted data (i.e. neither seasonally adjusted nor calendar adjusted data),LM-UN-F-LE25,Unemployment according to ILO definition - under 25 years - females,EA20,Euro area – 20 countries (2023-2025),2019-07,,15.8,,,,,
dataflow,ESTAT:EI_LMHR_M(1.0),Unemployment rate (%) - monthly data,M,Monthly,PC_ACT,Percentage of population in the labour force,NSA,Unadjusted data (i.e. neither seasonally adjusted nor calendar adjusted data),LM-UN-F-LE25,Unemployment according to ILO definition - under 25 years - females,EA20,Euro area – 20 countries (2023-2025),2019-08,,15.8,,,,,
dataflow,ESTAT:EI_LMHR_M(1.0),Unemployment rate (%) - monthly data,M,Monthly,PC_ACT,Percentage of population in the labour force,NSA,Unadjusted data (i.e. neither seasonally adjusted nor calendar adjusted data),LM-UN-F-LE25,Unemployment according to ILO definition - under 25 years - females,EA20,Euro area – 20 countries (2023-2025),2019-09,,16.3,,,,,
dataflow,ESTAT:EI_LMHR_M(1.0),Unemployment rate (%) - monthly data,M,Monthly,PC_ACT,Percentage of population in the labour force,NSA,Unadjusted data (i.e. neither seasonally adjusted nor calendar adjusted data),LM-UN-F-LE25,Unemployment according to ILO definition - under 25 years - females,EA20,Euro area – 20 countries (2023-2025),2019-10,,16.9,,,,,
dataflow,ESTAT:EI_LMHR_M(1.0),Unemployment rate (%) - monthly data,M,Monthly,PC_ACT,Percentage of population in the labour force,NSA,Unadjusted data (i.e. neither seasonally adjusted nor calendar adjusted data),LM-UN-F-LE25,Unemployment according to ILO definition - under 25 years - females,EA20,Euro area – 20 countries (2023-2025),2019-11,,16.3,,,,,
dataflow,ESTAT:EI_LMHR_M(1.0),Unemployment rate (%) - monthly data,M,Monthly,PC_ACT,Percentage of population in the labour force,NSA,Unadjusted data (i.e. neither seasonally adjusted nor calendar adjusted data),LM-UN-F-LE25,Unemployment according to ILO definition - under 25 years - females,EA20,Euro area – 20 countries (2023-2025),2019-12,,15.4,,,,,
dataflow,ESTAT:EI_LMHR_M(1.0),Unemployment rate (%) - monthly data,M,Monthly,PC_ACT,Percentage of population in the labour force,NSA,Unadjusted data (i.e. neither seasonally adjusted nor calendar adjusted data),LM-UN-F-LE25,Unemployment according to ILO definition - under 25 years - females,EA20,Euro area – 20 countries (2023-2025),2020-01,,16.8,,,,,
dataflow,ESTAT:EI_LMHR_M(1.0),Unemployment rate (%) - monthly data,M,Monthly,PC_ACT,Percentage of population in the labour force,NSA,Unadjusted data (i.e. neither seasonally adjusted nor calendar adjusted data),LM-UN-F-LE25,Unemployment according to ILO definition - under 25 years - females,EA20,Euro area – 20 countries (2023-2025),2020-02,,16.7,,,,,
dataflow,ESTAT:EI_LMHR_M(1.0),Unemployment rate (%) - monthly data,M,Monthly,PC_ACT,Percentage of population in the labour force,NSA,Unadjusted data (i.e. neither seasonally adjusted nor calendar adjusted data),LM-UN-F-LE25,Unemployment according to ILO definition - under 25 years - females,EA20,Euro area – 20 countries (2023-2025),2020-03,,16.5,,,,,
dataflow,ESTAT:EI_LMHR_M(1.0),Unemployment rate (%) - monthly data,M,Monthly,PC_ACT,Percentage of population in the labour force,NSA,Unadjusted data (i.e. neither seasonally adjusted nor calendar adjusted data),LM-UN-F-LE25,Unemployment according to ILO definition - under 25 years - females,EA20,Euro area – 20 countries (2023-2025),2020-04,,17.3,,,,,
dataflow,ESTAT:EI_LMHR_M(1.0),Unemployment rate (%) - monthly data,M,Monthly,PC_ACT,Percentage of population in the labour force,NSA,Unadjusted data (i.e. neither seasonally adjusted nor calendar adjusted data),LM-UN-F-LE25,Unemployment according to ILO definition - under 25 years - females,EA20,Euro area – 20 countries (2023-2025),2020-05,,18.4,,,,,
dataflow,ESTAT:EI_LMHR_M(1.0),Unemployment rate (%) - monthly data,M,Monthly,PC_ACT,Percentage of population in the labour force,NSA,Unadjusted data (i.e. neither seasonally adjusted nor calendar adjusted data),LM-UN-F-LE25,Unemployment according to ILO definition - under 25 years - females,EA20,Euro area – 20 countries (2023-2025),2020-06,,18.8,,,,,
dataflow,ESTAT:EI_LMHR_M(1.0),Unemployment rate (%) - monthly data,M,Monthly,PC_ACT,Percentage of population in the labour force,NSA,Unadjusted data (i.e. neither seasonally adjusted nor calendar adjusted data),LM-UN-F-LE25,Unemployment according to ILO definition - under 25 years - females,EA20,Euro area – 20 countries (2023-2025),2020-07,,20.2,,,,,
dataflow,ESTAT:EI_LMHR_M(1.0),Unemployment rate (%) - monthly data,M,Monthly,PC_ACT,Percentage of population in the labour force,NSA,Unadjusted data (i.e. neither seasonally adjusted nor calendar adjusted data),LM-UN-F-LE25,Unemployment according to ILO definition - under 25 years - females,EA20,Euro area – 20 countries (2023-2025),2020-08,,20.9,,,,,
dataflow,ESTAT:EI_LMHR_M(1.0),Unemployment rate (%) - monthly data,M,Monthly,PC_ACT,Percentage of population in the labour force,NSA,Unadjusted data (i.e. neither seasonally adjusted nor calendar adjusted data),LM-UN-F-LE25,Unemployment according to ILO definition - under 25 years - females,EA20,Euro area – 20 countries (2023-2025),2020-09,,19.5,,,,,
dataflow,ESTAT:EI_LMHR_M(1.0),Unemployment rate (%) - monthly data,M,Monthly,PC_ACT,Percentage of population in the labour force,NSA,Unadjusted data (i.e. neither seasonally adjusted nor calendar adjusted data),LM-UN-F-TOT,Unemployment according to ILO definition - females,EA20,Euro area – 20 countries (2023-2025),2018-09,,8.2,,,,,
dataflow,ESTAT:EI_LMHR_M(1.0),Unemployment rate (%) - monthly data,M,Monthly,PC_ACT,Percentage of population in the labour force,NSA,Unadjusted data (i.e. neither seasonally adjusted nor calendar adjusted data),LM-UN-F-TOT,Unemployment according to ILO definition - females,EA20,Euro area – 20 countries (2023-2025),2018-10,,8.5,,,,,
dataflow,ESTAT:EI_LMHR_M(1.0),Unemployment rate (%) - monthly data,M,Monthly,PC_ACT,Percentage of population in the labour force,NSA,Unadjusted data (i.e. neither seasonally adjusted nor calendar adjusted data),LM-UN-F-TOT,Unemployment according to ILO definition - females,EA20,Euro area – 20 countries (2023-2025),2018-11,,8.5,,,,,
dataflow,ESTAT:EI_LMHR_M(1.0),Unemployment rate (%) - monthly data,M,Monthly,PC_ACT,Percentage of population in the labour force,NSA,Unadjusted data (i.e. neither seasonally adjusted nor calendar adjusted data),LM-UN-F-TOT,Unemployment according to ILO definition - females,EA20,Euro area – 20 countries (2023-2025),2018-12,,8.3,,,,,
dataflow,ESTAT:EI_LMHR_M(1.0),Unemployment rate (%) - monthly data,M,Monthly,PC_ACT,Percentage of population in the labour force,NSA,Unadjusted data (i.e. neither seasonally adjusted nor calendar adjusted data),LM-UN-F-TOT,Unemployment according to ILO definition - females,EA20,Euro area – 20 countries (2023-2025),2019-01,,8.7,,,,,
dataflow,ESTAT:EI_LMHR_M(1.0),Unemployment rate (%) - monthly data,M,Monthly,PC_ACT,Percentage of population in the labour force,NSA,Unadjusted data (i.e. neither seasonally adjusted nor calendar adjusted data),LM-UN-F-TOT,Unemployment according to ILO definition - females,EA20,Euro area – 20 countries (2023-2025),2019-02,,8.6,,,,,
dataflow,ESTAT:EI_LMHR_M(1.0),Unemployment rate (%) - monthly data,M,Monthly,PC_ACT,Percentage of population in the labour force,NSA,Unadjusted data (i.e. neither seasonally adjusted nor calendar adjusted data),LM-UN-F-TOT,Unemployment according to ILO definition - females,EA20,Euro area – 20 countries (2023-2025),2019-03,,8.3,,,,,
dataflow,ESTAT:EI_LMHR_M(1.0),Unemployment rate (%) - monthly data,M,Monthly,PC_ACT,Percentage of population in the labour force,NSA,Unadjusted data (i.e. neither seasonally adjusted nor calendar adjusted data),LM-UN-F-TOT,Unemployment according to ILO definition - females,EA20,Euro area – 20 countries (2023-2025),2019-04,,8.1,,,,,
dataflow,ESTAT:EI_LMHR_M(1.0),Unemployment rate (%) - monthly data,M,Monthly,PC_ACT,Percentage of population in the labour force,NSA,Unadjusted data (i.e. neither seasonally adjusted nor calendar adjusted data),LM-UN-F-TOT,Unemployment according to ILO definition - females,EA20,Euro area – 20 countries (2023-2025),2019-05,,7.8,,,,,
dataflow,ESTAT:EI_LMHR_M(1.0),Unemployment rate (%) - monthly data,M,Monthly,PC_ACT,Percentage of population in the labour force,NSA,Unadjusted data (i.e. neither seasonally adjusted nor calendar adjusted data),LM-UN-F-TOT,Unemployment according to ILO definition - females,EA20,Euro area – 20 countries (2023-2025),2019-06,,7.6,,,,,
dataflow,ESTAT:EI_LMHR_M(1.0),Unemployment rate (%) - monthly data,M,Monthly,PC_ACT,Percentage of population in the labour force,NSA,Unadjusted data (i.e. neither seasonally adjusted nor calendar adjusted data),LM-UN-F-TOT,Unemployment according to ILO definition - females,EA20,Euro area – 20 countries (2023-2025),2019-07,,7.8,,,,,
dataflow,ESTAT:EI_LMHR_M(1.0),Unemployment rate (%) - monthly data,M,Monthly,PC_ACT,Percentage of population in the labour force,NSA,Unadjusted data (i.e. neither seasonally adjusted nor calendar adjusted data),LM-UN-F-TOT,Unemployment according to ILO definition - females,EA20,Euro area – 20 countries (2023-2025),2019-08,,7.8,,,,,
dataflow,ESTAT:EI_LMHR_M(1.0),Unemployment rate (%) - monthly data,M,Monthly,PC_ACT,Percentage of population in the labour force,NSA,Unadjusted data (i.e. neither seasonally adjusted nor calendar adjusted data),LM-UN-F-TOT,Unemployment according to ILO definition - females,EA20,Euro area – 20 countries (2023-2025),2019-09,,7.7,,,,,
dataflow,ESTAT:EI_LMHR_M(1.0),Unemployment rate (%) - monthly data,M,Monthly,PC_ACT,Percentage of population in the labour force,NSA,Unadjusted data (i.e. neither seasonally adjusted nor calendar adjusted data),LM-UN-F-TOT,Unemployment according to ILO definition - females,EA20,Euro area – 20 countries (2023-2025),2019-10,,7.9,,,,,
dataflow,ESTAT:EI_LMHR_M(1.0),Unemployment rate (%) - monthly data,M,Monthly,PC_ACT,Percentage of population in the labour force,NSA,Unadjusted data (i.e. neither seasonally adjusted nor calendar adjusted data),LM-UN-F-TOT,Unemployment according to ILO definition - females,EA20,Euro area – 20 countries (2023-2025),2019-11,,7.9,,,,,
dataflow,ESTAT:EI_LMHR_M(1.0),Unemployment rate (%) - monthly data,M,Monthly,PC_ACT,Percentage of population in the labour force,NSA,Unadjusted data (i.e. neither seasonally adjusted nor calendar adjusted data),LM-UN-F-TOT,Unemployment according to ILO definition - females,EA20,Euro area – 20 countries (2023-2025),2019-12,,7.7,,,,,
dataflow,ESTAT:EI_LMHR_M(1.0),Unemployment rate (%) - monthly data,M,Monthly,PC_ACT,Percentage of population in the labour force,NSA,Unadjusted data (i.e. neither seasonally adjusted nor calendar adjusted data),LM-UN-F-TOT,Unemployment according to ILO definition - females,EA20,Euro area – 20 countries (2023-2025),2020-01,,8.3,,,,,
dataflow,ESTAT:EI_LMHR_M(1.0),Unemployment rate (%) - monthly data,M,Monthly,PC_ACT,Percentage of population in the labour force,NSA,Unadjusted data (i.e. neither seasonally adjusted nor calendar adjusted data),LM-UN-F-TOT,Unemployment according to ILO definition - females,EA20,Euro area – 20 countries (2023-2025),2020-02,,8.0,,,,,
dataflow,ESTAT:EI_LMHR_M(1.0),Unemployment rate (%) - monthly data,M,Monthly,PC_ACT,Percentage of population in the labour force,NSA,Unadjusted data (i.e. neither seasonally adjusted nor calendar adjusted data),LM-UN-F-TOT,Unemployment according to ILO definition - females,EA20,Euro area – 20 countries (2023-2025),2020-03,,7.7,,,,,
dataflow,ESTAT:EI_LMHR_M(1.0),Unemployment rate (%) - monthly data,M,Monthly,PC_ACT,Percentage of population in the labour force,NSA,Unadjusted data (i.e. neither seasonally adjusted nor calendar adjusted data),LM-UN-F-TOT,Unemployment according to ILO definition - females,EA20,Euro area – 20 countries (2023-2025),2020-04,,7.3,,,,,
dataflow,ESTAT:EI_LMHR_M(1.0),Unemployment rate (%) - monthly data,M,Monthly,PC_ACT,Percentage of population in the labour force,NSA,Unadjusted data (i.e. neither seasonally adjusted nor calendar adjusted data),LM-UN-F-TOT,Unemployment according to ILO definition - females,EA20,Euro area – 20 countries (2023-2025),2020-05,,7.6,,,,,
dataflow,ESTAT:EI_LMHR_M(1.0),Unemployment rate (%) - monthly data,M,Monthly,PC_ACT,Percentage of population in the labour force,NSA,Unadjusted data (i.e. neither seasonally adjusted nor calendar adjusted data),LM-UN-F-TOT,Unemployment according to ILO definition - females,EA20,Euro area – 20 countries (2023-2025),2020-06,,8.1,,,,,
dataflow,ESTAT:EI_LMHR_M(1.0),Unemployment rate (%) - monthly data,M,Monthly,PC_ACT,Percentage of population in the labour force,NSA,Unadjusted data (i.e. neither seasonally adjusted nor calendar adjusted data),LM-UN-F-TOT,Unemployment according to ILO definition - females,EA20,Euro area – 20 countries (2023-2025),2020-07,,8.9,,,,,
dataflow,ESTAT:EI_LMHR_M(1.0),Unemployment rate (%) - monthly data,M,Monthly,PC_ACT,Percentage of population in the labour force,NSA,Unadjusted data (i.e. neither seasonally adjusted nor calendar adjusted data),LM-UN-F-TOT,Unemployment according to ILO definition - females,EA20,Euro area – 20 countries (2023-2025),2020-08,,9.1,,,,,
dataflow,ESTAT:EI_LMHR_M(1.0),Unemployment rate (%) - monthly data,M,Monthly,PC_ACT,Percentage of population in the labour force,NSA,Unadjusted data (i.e. neither seasonally adjusted nor calendar adjusted data),LM-UN-F-TOT,Unemployment according to ILO definition - females,EA20,Euro area – 20 countries (2023-2025),2020-09,,9.2,,,,,
dataflow,ESTAT:EI_LMHR_M(1.0),Unemployment rate (%) - monthly data,M,Monthly,PC_ACT,Percentage of population in the labour force,NSA,Unadjusted data (i.e. neither seasonally adjusted nor calendar adjusted data),LM-UN-M-GT25,Unemployment according to ILO definition - over 25 years - males,EA20,Euro area – 20 countries (2023-2025),2018-09,,6.4,,,,,
dataflow,ESTAT:EI_LMHR_M(1.0),Unemployment rate (%) - monthly data,M,Monthly,PC_ACT,Percentage of population in the labour force,NSA,Unadjusted data (i.e. neither seasonally adjusted nor calendar adjusted data),LM-UN-M-GT25,Unemployment according to ILO definition - over 25 years - males,EA20,Euro area – 20 countries (2023-2025),2018-10,,6.6,,,,,
dataflow,ESTAT:EI_LMHR_M(1.0),Unemployment rate (%) - monthly data,M,Monthly,PC_ACT,Percentage of population in the labour force,NSA,Unadjusted data (i.e. neither seasonally adjusted nor calendar adjusted data),LM-UN-M-GT25,Unemployment according to ILO definition - over 25 years - males,EA20,Euro area – 20 countries (2023-2025),2018-11,,6.7,,,,,
dataflow,ESTAT:EI_LMHR_M(1.0),Unemployment rate (%) - monthly data,M,Monthly,PC_ACT,Percentage of population in the labour force,NSA,Unadjusted data (i.e. neither seasonally adjusted nor calendar adjusted data),LM-UN-M-GT25,Unemployment according to ILO definition - over 25 years - males,EA20,Euro area – 20 countries (2023-2025),2018-12,,6.6,,,,,
dataflow,ESTAT:EI_LMHR_M(1.0),Unemployment rate (%) - monthly data,M,Monthly,PC_ACT,Percentage of population in the labour force,NSA,Unadjusted data (i.e. neither seasonally adjusted nor calendar adjusted data),LM-UN-M-GT25,Unemployment according to ILO definition - over 25 years - males,EA20,Euro area – 20 countries (2023-2025),2019-01,,7.0,,,,,
dataflow,ESTAT:EI_LMHR_M(1.0),Unemployment rate (%) - monthly data,M,Monthly,PC_ACT,Percentage of population in the labour force,NSA,Unadjusted data (i.e. neither seasonally adjusted nor calendar adjusted data),LM-UN-M-GT25,Unemployment according to ILO definition - over 25 years - males,EA20,Euro area – 20 countries (2023-2025),2019-02,,6.9,,,,,
dataflow,ESTAT:EI_LMHR_M(1.0),Unemployment rate (%) - monthly data,M,Monthly,PC_ACT,Percentage of population in the labour force,NSA,Unadjusted data (i.e. neither seasonally adjusted nor calendar adjusted data),LM-UN-M-GT25,Unemployment according to ILO definition - over 25 years - males,EA20,Euro area – 20 countries (2023-2025),2019-03,,6.8,,,,,
dataflow,ESTAT:EI_LMHR_M(1.0),Unemployment rate (%) - monthly data,M,Monthly,PC_ACT,Percentage of population in the labour force,NSA,Unadjusted data (i.e. neither seasonally adjusted nor calendar adjusted data),LM-UN-M-GT25,Unemployment according to ILO definition - over 25 years - males,EA20,Euro area – 20 countries (2023-2025),2019-04,,6.6,,,,,
dataflow,ESTAT:EI_LMHR_M(1.0),Unemployment rate (%) - monthly data,M,Monthly,PC_ACT,Percentage of population in the labour force,NSA,Unadjusted data (i.e. neither seasonally adjusted nor calendar adjusted data),LM-UN-M-GT25,Unemployment according to ILO definition - over 25 years - males,EA20,Euro area – 20 countries (2023-2025),2019-05,,6.3,,,,,
dataflow,ESTAT:EI_LMHR_M(1.0),Unemployment rate (%) - monthly data,M,Monthly,PC_ACT,Percentage of population in the labour force,NSA,Unadjusted data (i.e. neither seasonally adjusted nor calendar adjusted data),LM-UN-M-GT25,Unemployment according to ILO definition - over 25 years - males,EA20,Euro area – 20 countries (2023-2025),2019-06,,6.1,,,,,
dataflow,ESTAT:EI_LMHR_M(1.0),Unemployment rate (%) - monthly data,M,Monthly,PC_ACT,Percentage of population in the labour force,NSA,Unadjusted data (i.e. neither seasonally adjusted nor calendar adjusted data),LM-UN-M-GT25,Unemployment according to ILO definition - over 25 years - males,EA20,Euro area – 20 countries (2023-2025),2019-07,,6.0,,,,,
dataflow,ESTAT:EI_LMHR_M(1.0),Unemployment rate (%) - monthly data,M,Monthly,PC_ACT,Percentage of population in the labour force,NSA,Unadjusted data (i.e. neither seasonally adjusted nor calendar adjusted data),LM-UN-M-GT25,Unemployment according to ILO definition - over 25 years - males,EA20,Euro area – 20 countries (2023-2025),2019-08,,6.0,,,,,
dataflow,ESTAT:EI_LMHR_M(1.0),Unemployment rate (%) - monthly data,M,Monthly,PC_ACT,Percentage of population in the labour force,NSA,Unadjusted data (i.e. neither seasonally adjusted nor calendar adjusted data),LM-UN-M-GT25,Unemployment according to ILO definition - over 25 years - males,EA20,Euro area – 20 countries (2023-2025),2019-09,,6.1,,,,,
dataflow,ESTAT:EI_LMHR_M(1.0),Unemployment rate (%) - monthly data,M,Monthly,PC_ACT,Percentage of population in the labour force,NSA,Unadjusted data (i.e. neither seasonally adjusted nor calendar adjusted data),LM-UN-M-GT25,Unemployment according to ILO definition - over 25 years - males,EA20,Euro area – 20 countries (2023-2025),2019-10,,6.1,,,,,
dataflow,ESTAT:EI_LMHR_M(1.0),Unemployment rate (%) - monthly data,M,Monthly,PC_ACT,Percentage of population in the labour force,NSA,Unadjusted data (i.e. neither seasonally adjusted nor calendar adjusted data),LM-UN-M-GT25,Unemployment according to ILO definition - over 25 years - males,EA20,Euro area – 20 countries (2023-2025),2019-11,,6.2,,,,,
dataflow,ESTAT:EI_LMHR_M(1.0),Unemployment rate (%) - monthly data,M,Monthly,PC_ACT,Percentage of population in the labour force,NSA,Unadjusted data (i.e. neither seasonally adjusted nor calendar adjusted data),LM-UN-M-GT25,Unemployment according to ILO definition - over 25 years - males,EA20,Euro area – 20 countries (2023-2025),2019-12,,6.4,,,,,
dataflow,ESTAT:EI_LMHR_M(1.0),Unemployment rate (%) - monthly data,M,Monthly,PC_ACT,Percentage of population in the labour force,NSA,Unadjusted data (i.e. neither seasonally adjusted nor calendar adjusted data),LM-UN-M-GT25,Unemployment according to ILO definition - over 25 years - males,EA20,Euro area – 20 countries (2023-2025),2020-01,,6.5,,,,,
dataflow,ESTAT:EI_LMHR_M(1.0),Unemployment rate (%) - monthly data,M,Monthly,PC_ACT,Percentage of population in the labour force,NSA,Unadjusted data (i.e. neither seasonally adjusted nor calendar adjusted data),LM-UN-M-GT25,Unemployment according to ILO definition - over 25 years - males,EA20,Euro area – 20 countries (2023-2025),2020-02,,6.5,,,,,
dataflow,ESTAT:EI_LMHR_M(1.0),Unemployment rate (%) - monthly data,M,Monthly,PC_ACT,Percentage of population in the labour force,NSA,Unadjusted data (i.e. neither seasonally adjusted nor calendar adjusted data),LM-UN-M-GT25,Unemployment according to ILO definition - over 25 years - males,EA20,Euro area – 20 countries (2023-2025),2020-03,,6.2,,,,,
dataflow,ESTAT:EI_LMHR_M(1.0),Unemployment rate (%) - monthly data,M,Monthly,PC_ACT,Percentage of population in the labour force,NSA,Unadjusted data (i.e. neither seasonally adjusted nor calendar adjusted data),LM-UN-M-GT25,Unemployment according to ILO definition - over 25 years - males,EA20,Euro area – 20 countries (2023-2025),2020-04,,6.2,,,,,
dataflow,ESTAT:EI_LMHR_M(1.0),Unemployment rate (%) - monthly data,M,Monthly,PC_ACT,Percentage of population in the labour force,NSA,Unadjusted data (i.e. neither seasonally adjusted nor calendar adjusted data),LM-UN-M-GT25,Unemployment according to ILO definition - over 25 years - males,EA20,Euro area – 20 countries (2023-2025),2020-05,,6.3,,,,,
dataflow,ESTAT:EI_LMHR_M(1.0),Unemployment rate (%) - monthly data,M,Monthly,PC_ACT,Percentage of population in the labour force,NSA,Unadjusted data (i.e. neither seasonally adjusted nor calendar adjusted data),LM-UN-M-GT25,Unemployment according to ILO definition - over 25 years - males,EA20,Euro area – 20 countries (2023-2025),2020-06,,6.6,,,,,
dataflow,ESTAT:EI_LMHR_M(1.0),Unemployment rate (%) - monthly data,M,Monthly,PC_ACT,Percentage of population in the labour force,NSA,Unadjusted data (i.e. neither seasonally adjusted nor calendar adjusted data),LM-UN-M-GT25,Unemployment according to ILO definition - over 25 years - males,EA20,Euro area – 20 countries (2023-2025),2020-07,,6.9,,,,,
dataflow,ESTAT:EI_LMHR_M(1.0),Unemployment rate (%) - monthly data,M,Monthly,PC_ACT,Percentage of population in the labour force,NSA,Unadjusted data (i.e. neither seasonally adjusted nor calendar adjusted data),LM-UN-M-GT25,Unemployment according to ILO definition - over 25 years - males,EA20,Euro area – 20 countries (2023-2025),2020-08,,7.0,,,,,
dataflow,ESTAT:EI_LMHR_M(1.0),Unemployment rate (%) - monthly data,M,Monthly,PC_ACT,Percentage of population in the labour force,NSA,Unadjusted data (i.e. neither seasonally adjusted nor calendar adjusted data),LM-UN-M-GT25,Unemployment according to ILO definition - over 25 years - males,EA20,Euro area – 20 countries (2023-2025),2020-09,,6.9,,,,,
dataflow,ESTAT:EI_LMHR_M(1.0),Unemployment rate (%) - monthly data,M,Monthly,PC_ACT,Percentage of population in the labour force,NSA,Unadjusted data (i.e. neither seasonally adjusted nor calendar adjusted data),LM-UN-M-LE25,Unemployment according to ILO definition - under 25 years - males,EA20,Euro area – 20 countries (2023-2025),2018-09,,18.3,,,,,
dataflow,ESTAT:EI_LMHR_M(1.0),Unemployment rate (%) - monthly data,M,Monthly,PC_ACT,Percentage of population in the labour force,NSA,Unadjusted data (i.e. neither seasonally adjusted nor calendar adjusted data),LM-UN-M-LE25,Unemployment according to ILO definition - under 25 years - males,EA20,Euro area – 20 countries (2023-2025),2018-10,,17.9,,,,,
dataflow,ESTAT:EI_LMHR_M(1.0),Unemployment rate (%) - monthly data,M,Monthly,PC_ACT,Percentage of population in the labour force,NSA,Unadjusted data (i.e. neither seasonally adjusted nor calendar adjusted data),LM-UN-M-LE25,Unemployment according to ILO definition - under 25 years - males,EA20,Euro area – 20 countries (2023-2025),2018-11,,16.6,,,,,
dataflow,ESTAT:EI_LMHR_M(1.0),Unemployment rate (%) - monthly data,M,Monthly,PC_ACT,Percentage of population in the labour force,NSA,Unadjusted data (i.e. neither seasonally adjusted nor calendar adjusted data),LM-UN-M-LE25,Unemployment according to ILO definition - under 25 years - males,EA20,Euro area – 20 countries (2023-2025),2018-12,,16.1,,,,,
dataflow,ESTAT:EI_LMHR_M(1.0),Unemployment rate (%) - monthly data,M,Monthly,PC_ACT,Percentage of population in the labour force,NSA,Unadjusted data (i.e. neither seasonally adjusted nor calendar adjusted data),LM-UN-M-LE25,Unemployment according to ILO definition - under 25 years - males,EA20,Euro area – 20 countries (2023-2025),2019-01,,17.8,,,,,
dataflow,ESTAT:EI_LMHR_M(1.0),Unemployment rate (%) - monthly data,M,Monthly,PC_ACT,Percentage of population in the labour force,NSA,Unadjusted data (i.e. neither seasonally adjusted nor calendar adjusted data),LM-UN-M-LE25,Unemployment according to ILO definition - under 25 years - males,EA20,Euro area – 20 countries (2023-2025),2019-02,,16.9,,,,,
dataflow,ESTAT:EI_LMHR_M(1.0),Unemployment rate (%) - monthly data,M,Monthly,PC_ACT,Percentage of population in the labour force,NSA,Unadjusted data (i.e. neither seasonally adjusted nor calendar adjusted data),LM-UN-M-LE25,Unemployment according to ILO definition - under 25 years - males,EA20,Euro area – 20 countries (2023-2025),2019-03,,16.9,,,,,
dataflow,ESTAT:EI_LMHR_M(1.0),Unemployment rate (%) - monthly data,M,Monthly,PC_ACT,Percentage of population in the labour force,NSA,Unadjusted data (i.e. neither seasonally adjusted nor calendar adjusted data),LM-UN-M-LE25,Unemployment according to ILO definition - under 25 years - males,EA20,Euro area – 20 countries (2023-2025),2019-04,,16.4,,,,,
dataflow,ESTAT:EI_LMHR_M(1.0),Unemployment rate (%) - monthly data,M,Monthly,PC_ACT,Percentage of population in the labour force,NSA,Unadjusted data (i.e. neither seasonally adjusted nor calendar adjusted data),LM-UN-M-LE25,Unemployment according to ILO definition - under 25 years - males,EA20,Euro area – 20 countries (2023-2025),2019-05,,16.1,,,,,
dataflow,ESTAT:EI_LMHR_M(1.0),Unemployment rate (%) - monthly data,M,Monthly,PC_ACT,Percentage of population in the labour force,NSA,Unadjusted data (i.e. neither seasonally adjusted nor calendar adjusted data),LM-UN-M-LE25,Unemployment according to ILO definition - under 25 years - males,EA20,Euro area – 20 countries (2023-2025),2019-06,,15.9,,,,,
dataflow,ESTAT:EI_LMHR_M(1.0),Unemployment rate (%) - monthly data,M,Monthly,PC_ACT,Percentage of population in the labour force,NSA,Unadjusted data (i.e. neither seasonally adjusted nor calendar adjusted data),LM-UN-M-LE25,Unemployment according to ILO definition - under 25 years - males,EA20,Euro area – 20 countries (2023-2025),2019-07,,15.9,,,,,
dataflow,ESTAT:EI_LMHR_M(1.0),Unemployment rate (%) - monthly data,M,Monthly,PC_ACT,Percentage of population in the labour force,NSA,Unadjusted data (i.e. neither seasonally adjusted nor calendar adjusted data),LM-UN-M-LE25,Unemployment according to ILO definition - under 25 years - males,EA20,Euro area – 20 countries (2023-2025),2019-08,,15.8,,,,,
dataflow,ESTAT:EI_LMHR_M(1.0),Unemployment rate (%) - monthly data,M,Monthly,PC_ACT,Percentage of population in the labour force,NSA,Unadjusted data (i.e. neither seasonally adjusted nor calendar adjusted data),LM-UN-M-LE25,Unemployment according to ILO definition - under 25 years - males,EA20,Euro area – 20 countries (2023-2025),2019-09,,17.2,,,,,
dataflow,ESTAT:EI_LMHR_M(1.0),Unemployment rate (%) - monthly data,M,Monthly,PC_ACT,Percentage of population in the labour force,NSA,Unadjusted data (i.e. neither seasonally adjusted nor calendar adjusted data),LM-UN-M-LE25,Unemployment according to ILO definition - under 25 years - males,EA20,Euro area – 20 countries (2023-2025),2019-10,,16.4,,,,,
dataflow,ESTAT:EI_LMHR_M(1.0),Unemployment rate (%) - monthly data,M,Monthly,PC_ACT,Percentage of population in the labour force,NSA,Unadjusted data (i.e. neither seasonally adjusted nor calendar adjusted data),LM-UN-M-LE25,Unemployment according to ILO definition - under 25 years - males,EA20,Euro area – 20 countries (2023-2025),2019-11,,16.2,,,,,
dataflow,ESTAT:EI_LMHR_M(1.0),Unemployment rate (%) - monthly data,M,Monthly,PC_ACT,Percentage of population in the labour force,NSA,Unadjusted data (i.e. neither seasonally adjusted nor calendar adjusted data),LM-UN-M-LE25,Unemployment according to ILO definition - under 25 years - males,EA20,Euro area – 20 countries (2023-2025),2019-12,,15.5,,,,,
dataflow,ESTAT:EI_LMHR_M(1.0),Unemployment rate (%) - monthly data,M,Monthly,PC_ACT,Percentage of population in the labour force,NSA,Unadjusted data (i.e. neither seasonally adjusted nor calendar adjusted data),LM-UN-M-LE25,Unemployment according to ILO definition - under 25 years - males,EA20,Euro area – 20 countries (2023-2025),2020-01,,16.4,,,,,
dataflow,ESTAT:EI_LMHR_M(1.0),Unemployment rate (%) - monthly data,M,Monthly,PC_ACT,Percentage of population in the labour force,NSA,Unadjusted data (i.e. neither seasonally adjusted nor calendar adjusted data),LM-UN-M-LE25,Unemployment according to ILO definition - under 25 years - males,EA20,Euro area – 20 countries (2023-2025),2020-02,,16.7,,,,,
dataflow,ESTAT:EI_LMHR_M(1.0),Unemployment rate (%) - monthly data,M,Monthly,PC_ACT,Percentage of population in the labour force,NSA,Unadjusted data (i.e. neither seasonally adjusted nor calendar adjusted data),LM-UN-M-LE25,Unemployment according to ILO definition - under 25 years - males,EA20,Euro area – 20 countries (2023-2025),2020-03,,16.3,,,,,
dataflow,ESTAT:EI_LMHR_M(1.0),Unemployment rate (%) - monthly data,M,Monthly,PC_ACT,Percentage of population in the labour force,NSA,Unadjusted data (i.e. neither seasonally adjusted nor calendar adjusted data),LM-UN-M-LE25,Unemployment according to ILO definition - under 25 years - males,EA20,Euro area – 20 countries (2023-2025),2020-04,,17.1,,,,,
dataflow,ESTAT:EI_LMHR_M(1.0),Unemployment rate (%) - monthly data,M,Monthly,PC_ACT,Percentage of population in the labour force,NSA,Unadjusted data (i.e. neither seasonally adjusted nor calendar adjusted data),LM-UN-M-LE25,Unemployment according to ILO definition - under 25 years - males,EA20,Euro area – 20 countries (2023-2025),2020-05,,18.1,,,,,
dataflow,ESTAT:EI_LMHR_M(1.0),Unemployment rate (%) - monthly data,M,Monthly,PC_ACT,Percentage of population in the labour force,NSA,Unadjusted data (i.e. neither seasonally adjusted nor calendar adjusted data),LM-UN-M-LE25,Unemployment according to ILO definition - under 25 years - males,EA20,Euro area – 20 countries (2023-2025),2020-06,,18.7,,,,,
dataflow,ESTAT:EI_LMHR_M(1.0),Unemployment rate (%) - monthly data,M,Monthly,PC_ACT,Percentage of population in the labour force,NSA,Unadjusted data (i.e. neither seasonally adjusted nor calendar adjusted data),LM-UN-M-LE25,Unemployment according to ILO definition - under 25 years - males,EA20,Euro area – 20 countries (2023-2025),2020-07,,19.5,,,,,
dataflow,ESTAT:EI_LMHR_M(1.0),Unemployment rate (%) - monthly data,M,Monthly,PC_ACT,Percentage of population in the labour force,NSA,Unadjusted data (i.e. neither seasonally adjusted nor calendar adjusted data),LM-UN-M-LE25,Unemployment according to ILO definition - under 25 years - males,EA20,Euro area – 20 countries (2023-2025),2020-08,,19.6,,,,,
dataflow,ESTAT:EI_LMHR_M(1.0),Unemployment rate (%) - monthly data,M,Monthly,PC_ACT,Percentage of population in the labour force,NSA,Unadjusted data (i.e. neither seasonally adjusted nor calendar adjusted data),LM-UN-M-LE25,Unemployment according to ILO definition - under 25 years - males,EA20,Euro area – 20 countries (2023-2025),2020-09,,19.3,,,,,
dataflow,ESTAT:EI_LMHR_M(1.0),Unemployment rate (%) - monthly data,M,Monthly,PC_ACT,Percentage of population in the labour force,NSA,Unadjusted data (i.e. neither seasonally adjusted nor calendar adjusted data),LM-UN-M-TOT,Unemployment according to ILO definition - males,EA20,Euro area – 20 countries (2023-2025),2018-09,,7.5,,,,,
dataflow,ESTAT:EI_LMHR_M(1.0),Unemployment rate (%) - monthly data,M,Monthly,PC_ACT,Percentage of population in the labour force,NSA,Unadjusted data (i.e. neither seasonally adjusted nor calendar adjusted data),LM-UN-M-TOT,Unemployment according to ILO definition - males,EA20,Euro area – 20 countries (2023-2025),2018-10,,7.7,,,,,
dataflow,ESTAT:EI_LMHR_M(1.0),Unemployment rate (%) - monthly data,M,Monthly,PC_ACT,Percentage of population in the labour force,NSA,Unadjusted data (i.e. neither seasonally adjusted nor calendar adjusted data),LM-UN-M-TOT,Unemployment according to ILO definition - males,EA20,Euro area – 20 countries (2023-2025),2018-11,,7.6,,,,,
dataflow,ESTAT:EI_LMHR_M(1.0),Unemployment rate (%) - monthly data,M,Monthly,PC_ACT,Percentage of population in the labour force,NSA,Unadjusted data (i.e. neither seasonally adjusted nor calendar adjusted data),LM-UN-M-TOT,Unemployment according to ILO definition - males,EA20,Euro area – 20 countries (2023-2025),2018-12,,7.4,,,,,
dataflow,ESTAT:EI_LMHR_M(1.0),Unemployment rate (%) - monthly data,M,Monthly,PC_ACT,Percentage of population in the labour force,NSA,Unadjusted data (i.e. neither seasonally adjusted nor calendar adjusted data),LM-UN-M-TOT,Unemployment according to ILO definition - males,EA20,Euro area – 20 countries (2023-2025),2019-01,,7.9,,,,,
dataflow,ESTAT:EI_LMHR_M(1.0),Unemployment rate (%) - monthly data,M,Monthly,PC_ACT,Percentage of population in the labour force,NSA,Unadjusted data (i.e. neither seasonally adjusted nor calendar adjusted data),LM-UN-M-TOT,Unemployment according to ILO definition - males,EA20,Euro area – 20 countries (2023-2025),2019-02,,7.8,,,,,
dataflow,ESTAT:EI_LMHR_M(1.0),Unemployment rate (%) - monthly data,M,Monthly,PC_ACT,Percentage of population in the labour force,NSA,Unadjusted data (i.e. neither seasonally adjusted nor calendar adjusted data),LM-UN-M-TOT,Unemployment according to ILO definition - males,EA20,Euro area – 20 countries (2023-2025),2019-03,,7.7,,,,,
dataflow,ESTAT:EI_LMHR_M(1.0),Unemployment rate (%) - monthly data,M,Monthly,PC_ACT,Percentage of population in the labour force,NSA,Unadjusted data (i.e. neither seasonally adjusted nor calendar adjusted data),LM-UN-M-TOT,Unemployment according to ILO definition - males,EA20,Euro area – 20 countries (2023-2025),2019-04,,7.4,,,,,
dataflow,ESTAT:EI_LMHR_M(1.0),Unemployment rate (%) - monthly data,M,Monthly,PC_ACT,Percentage of population in the labour force,NSA,Unadjusted data (i.e. neither seasonally adjusted nor calendar adjusted data),LM-UN-M-TOT,Unemployment according to ILO definition - males,EA20,Euro area – 20 countries (2023-2025),2019-05,,7.2,,,,,
dataflow,ESTAT:EI_LMHR_M(1.0),Unemployment rate (%) - monthly data,M,Monthly,PC_ACT,Percentage of population in the labour force,NSA,Unadjusted data (i.e. neither seasonally adjusted nor calendar adjusted data),LM-UN-M-TOT,Unemployment according to ILO definition - males,EA20,Euro area – 20 countries (2023-2025),2019-06,,6.9,,,,,
dataflow,ESTAT:EI_LMHR_M(1.0),Unemployment rate (%) - monthly data,M,Monthly,PC_ACT,Percentage of population in the labour force,NSA,Unadjusted data (i.e. neither seasonally adjusted nor calendar adjusted data),LM-UN-M-TOT,Unemployment according to ILO definition - males,EA20,Euro area – 20 countries (2023-2025),2019-07,,6.9,,,,,
dataflow,ESTAT:EI_LMHR_M(1.0),Unemployment rate (%) - monthly data,M,Monthly,PC_ACT,Percentage of population in the labour force,NSA,Unadjusted data (i.e. neither seasonally adjusted nor calendar adjusted data),LM-UN-M-TOT,Unemployment according to ILO definition - males,EA20,Euro area – 20 countries (2023-2025),2019-08,,6.9,,,,,
dataflow,ESTAT:EI_LMHR_M(1.0),Unemployment rate (%) - monthly data,M,Monthly,PC_ACT,Percentage of population in the labour force,NSA,Unadjusted data (i.e. neither seasonally adjusted nor calendar adjusted data),LM-UN-M-TOT,Unemployment according to ILO definition - males,EA20,Euro area – 20 countries (2023-2025),2019-09,,7.1,,,,,
dataflow,ESTAT:EI_LMHR_M(1.0),Unemployment rate (%) - monthly data,M,Monthly,PC_ACT,Percentage of population in the labour force,NSA,Unadjusted data (i.e. neither seasonally adjusted nor calendar adjusted data),LM-UN-M-TOT,Unemployment according to ILO definition - males,EA20,Euro area – 20 countries (2023-2025),2019-10,,7.0,,,,,
dataflow,ESTAT:EI_LMHR_M(1.0),Unemployment rate (%) - monthly data,M,Monthly,PC_ACT,Percentage of population in the labour force,NSA,Unadjusted data (i.e. neither seasonally adjusted nor calendar adjusted data),LM-UN-M-TOT,Unemployment according to ILO definition - males,EA20,Euro area – 20 countries (2023-2025),2019-11,,7.1,,,,,
dataflow,ESTAT:EI_LMHR_M(1.0),Unemployment rate (%) - monthly data,M,Monthly,PC_ACT,Percentage of population in the labour force,NSA,Unadjusted data (i.e. neither seasonally adjusted nor calendar adjusted data),LM-UN-M-TOT,Unemployment according to ILO definition - males,EA20,Euro area – 20 countries (2023-2025),2019-12,,7.2,,,,,
dataflow,ESTAT:EI_LMHR_M(1.0),Unemployment rate (%) - monthly data,M,Monthly,PC_ACT,Percentage of population in the labour force,NSA,Unadjusted data (i.e. neither seasonally adjusted nor calendar adjusted data),LM-UN-M-TOT,Unemployment according to ILO definition - males,EA20,Euro area – 20 countries (2023-2025),2020-01,,7.4,,,,,
dataflow,ESTAT:EI_LMHR_M(1.0),Unemployment rate (%) - monthly data,M,Monthly,PC_ACT,Percentage of population in the labour force,NSA,Unadjusted data (i.e. neither seasonally adjusted nor calendar adjusted data),LM-UN-M-TOT,Unemployment according to ILO definition - males,EA20,Euro area – 20 countries (2023-2025),2020-02,,7.4,,,,,
dataflow,ESTAT:EI_LMHR_M(1.0),Unemployment rate (%) - monthly data,M,Monthly,PC_ACT,Percentage of population in the labour force,NSA,Unadjusted data (i.e. neither seasonally adjusted nor calendar adjusted data),LM-UN-M-TOT,Unemployment according to ILO definition - males,EA20,Euro area – 20 countries (2023-2025),2020-03,,7.1,,,,,
dataflow,ESTAT:EI_LMHR_M(1.0),Unemployment rate (%) - monthly data,M,Monthly,PC_ACT,Percentage of population in the labour force,NSA,Unadjusted data (i.e. neither seasonally adjusted nor calendar adjusted data),LM-UN-M-TOT,Unemployment according to ILO definition - males,EA20,Euro area – 20 countries (2023-2025),2020-04,,7.1,,,,,
dataflow,ESTAT:EI_LMHR_M(1.0),Unemployment rate (%) - monthly data,M,Monthly,PC_ACT,Percentage of population in the labour force,NSA,Unadjusted data (i.e. neither seasonally adjusted nor calendar adjusted data),LM-UN-M-TOT,Unemployment according to ILO definition - males,EA20,Euro area – 20 countries (2023-2025),2020-05,,7.3,,,,,
dataflow,ESTAT:EI_LMHR_M(1.0),Unemployment rate (%) - monthly data,M,Monthly,PC_ACT,Percentage of population in the labour force,NSA,Unadjusted data (i.e. neither seasonally adjusted nor calendar adjusted data),LM-UN-M-TOT,Unemployment according to ILO definition - males,EA20,Euro area – 20 countries (2023-2025),2020-06,,7.7,,,,,
dataflow,ESTAT:EI_LMHR_M(1.0),Unemployment rate (%) - monthly data,M,Monthly,PC_ACT,Percentage of population in the labour force,NSA,Unadjusted data (i.e. neither seasonally adjusted nor calendar adjusted data),LM-UN-M-TOT,Unemployment according to ILO definition - males,EA20,Euro area – 20 countries (2023-2025),2020-07,,8.0,,,,,
dataflow,ESTAT:EI_LMHR_M(1.0),Unemployment rate (%) - monthly data,M,Monthly,PC_ACT,Percentage of population in the labour force,NSA,Unadjusted data (i.e. neither seasonally adjusted nor calendar adjusted data),LM-UN-M-TOT,Unemployment according to ILO definition - males,EA20,Euro area – 20 countries (2023-2025),2020-08,,8.2,,,,,
dataflow,ESTAT:EI_LMHR_M(1.0),Unemployment rate (%) - monthly data,M,Monthly,PC_ACT,Percentage of population in the labour force,NSA,Unadjusted data (i.e. neither seasonally adjusted nor calendar adjusted data),LM-UN-M-TOT,Unemployment according to ILO definition - males,EA20,Euro area – 20 countries (2023-2025),2020-09,,8.1,,,,,
dataflow,ESTAT:EI_LMHR_M(1.0),Unemployment rate (%) - monthly data,M,Monthly,PC_ACT,Percentage of population in the labour force,NSA,Unadjusted data (i.e. neither seasonally adjusted nor calendar adjusted data),LM-UN-T-GT25,Unemployment according to ILO definition - over 25 years - total,EA20,Euro area – 20 countries (2023-2025),2018-09,,6.8,,,,,
dataflow,ESTAT:EI_LMHR_M(1.0),Unemployment rate (%) - monthly data,M,Monthly,PC_ACT,Percentage of population in the labour force,NSA,Unadjusted data (i.e. neither seasonally adjusted nor calendar adjusted data),LM-UN-T-GT25,Unemployment according to ILO definition - over 25 years - total,EA20,Euro area – 20 countries (2023-2025),2018-10,,7.1,,,,,
dataflow,ESTAT:EI_LMHR_M(1.0),Unemployment rate (%) - monthly data,M,Monthly,PC_ACT,Percentage of population in the labour force,NSA,Unadjusted data (i.e. neither seasonally adjusted nor calendar adjusted data),LM-UN-T-GT25,Unemployment according to ILO definition - over 25 years - total,EA20,Euro area – 20 countries (2023-2025),2018-11,,7.2,,,,,
dataflow,ESTAT:EI_LMHR_M(1.0),Unemployment rate (%) - monthly data,M,Monthly,PC_ACT,Percentage of population in the labour force,NSA,Unadjusted data (i.e. neither seasonally adjusted nor calendar adjusted data),LM-UN-T-GT25,Unemployment according to ILO definition - over 25 years - total,EA20,Euro area – 20 countries (2023-2025),2018-12,,7.0,,,,,
dataflow,ESTAT:EI_LMHR_M(1.0),Unemployment rate (%) - monthly data,M,Monthly,PC_ACT,Percentage of population in the labour force,NSA,Unadjusted data (i.e. neither seasonally adjusted nor calendar adjusted data),LM-UN-T-GT25,Unemployment according to ILO definition - over 25 years - total,EA20,Euro area – 20 countries (2023-2025),2019-01,,7.4,,,,,
dataflow,ESTAT:EI_LMHR_M(1.0),Unemployment rate (%) - monthly data,M,Monthly,PC_ACT,Percentage of population in the labour force,NSA,Unadjusted data (i.e. neither seasonally adjusted nor calendar adjusted data),LM-UN-T-GT25,Unemployment according to ILO definition - over 25 years - total,EA20,Euro area – 20 countries (2023-2025),2019-02,,7.4,,,,,
dataflow,ESTAT:EI_LMHR_M(1.0),Unemployment rate (%) - monthly data,M,Monthly,PC_ACT,Percentage of population in the labour force,NSA,Unadjusted data (i.e. neither seasonally adjusted nor calendar adjusted data),LM-UN-T-GT25,Unemployment according to ILO definition - over 25 years - total,EA20,Euro area – 20 countries (2023-2025),2019-03,,7.1,,,,,
dataflow,ESTAT:EI_LMHR_M(1.0),Unemployment rate (%) - monthly data,M,Monthly,PC_ACT,Percentage of population in the labour force,NSA,Unadjusted data (i.e. neither seasonally adjusted nor calendar adjusted data),LM-UN-T-GT25,Unemployment according to ILO definition - over 25 years - total,EA20,Euro area – 20 countries (2023-2025),2019-04,,6.9,,,,,
dataflow,ESTAT:EI_LMHR_M(1.0),Unemployment rate (%) - monthly data,M,Monthly,PC_ACT,Percentage of population in the labour force,NSA,Unadjusted data (i.e. neither seasonally adjusted nor calendar adjusted data),LM-UN-T-GT25,Unemployment according to ILO definition - over 25 years - total,EA20,Euro area – 20 countries (2023-2025),2019-05,,6.6,,,,,
dataflow,ESTAT:EI_LMHR_M(1.0),Unemployment rate (%) - monthly data,M,Monthly,PC_ACT,Percentage of population in the labour force,NSA,Unadjusted data (i.e. neither seasonally adjusted nor calendar adjusted data),LM-UN-T-GT25,Unemployment according to ILO definition - over 25 years - total,EA20,Euro area – 20 countries (2023-2025),2019-06,,6.4,,,,,
dataflow,ESTAT:EI_LMHR_M(1.0),Unemployment rate (%) - monthly data,M,Monthly,PC_ACT,Percentage of population in the labour force,NSA,Unadjusted data (i.e. neither seasonally adjusted nor calendar adjusted data),LM-UN-T-GT25,Unemployment according to ILO definition - over 25 years - total,EA20,Euro area – 20 countries (2023-2025),2019-07,,6.5,,,,,
dataflow,ESTAT:EI_LMHR_M(1.0),Unemployment rate (%) - monthly data,M,Monthly,PC_ACT,Percentage of population in the labour force,NSA,Unadjusted data (i.e. neither seasonally adjusted nor calendar adjusted data),LM-UN-T-GT25,Unemployment according to ILO definition - over 25 years - total,EA20,Euro area – 20 countries (2023-2025),2019-08,,6.4,,,,,
dataflow,ESTAT:EI_LMHR_M(1.0),Unemployment rate (%) - monthly data,M,Monthly,PC_ACT,Percentage of population in the labour force,NSA,Unadjusted data (i.e. neither seasonally adjusted nor calendar adjusted data),LM-UN-T-GT25,Unemployment according to ILO definition - over 25 years - total,EA20,Euro area – 20 countries (2023-2025),2019-09,,6.5,,,,,
dataflow,ESTAT:EI_LMHR_M(1.0),Unemployment rate (%) - monthly data,M,Monthly,PC_ACT,Percentage of population in the labour force,NSA,Unadjusted data (i.e. neither seasonally adjusted nor calendar adjusted data),LM-UN-T-GT25,Unemployment according to ILO definition - over 25 years - total,EA20,Euro area – 20 countries (2023-2025),2019-10,,6.5,,,,,
dataflow,ESTAT:EI_LMHR_M(1.0),Unemployment rate (%) - monthly data,M,Monthly,PC_ACT,Percentage of population in the labour force,NSA,Unadjusted data (i.e. neither seasonally adjusted nor calendar adjusted data),LM-UN-T-GT25,Unemployment according to ILO definition - over 25 years - total,EA20,Euro area – 20 countries (2023-2025),2019-11,,6.6,,,,,
dataflow,ESTAT:EI_LMHR_M(1.0),Unemployment rate (%) - monthly data,M,Monthly,PC_ACT,Percentage of population in the labour force,NSA,Unadjusted data (i.e. neither seasonally adjusted nor calendar adjusted data),LM-UN-T-GT25,Unemployment according to ILO definition - over 25 years - total,EA20,Euro area – 20 countries (2023-2025),2019-12,,6.7,,,,,
dataflow,ESTAT:EI_LMHR_M(1.0),Unemployment rate (%) - monthly data,M,Monthly,PC_ACT,Percentage of population in the labour force,NSA,Unadjusted data (i.e. neither seasonally adjusted nor calendar adjusted data),LM-UN-T-GT25,Unemployment according to ILO definition - over 25 years - total,EA20,Euro area – 20 countries (2023-2025),2020-01,,7.0,,,,,
dataflow,ESTAT:EI_LMHR_M(1.0),Unemployment rate (%) - monthly data,M,Monthly,PC_ACT,Percentage of population in the labour force,NSA,Unadjusted data (i.e. neither seasonally adjusted nor calendar adjusted data),LM-UN-T-GT25,Unemployment according to ILO definition - over 25 years - total,EA20,Euro area – 20 countries (2023-2025),2020-02,,6.8,,,,,
dataflow,ESTAT:EI_LMHR_M(1.0),Unemployment rate (%) - monthly data,M,Monthly,PC_ACT,Percentage of population in the labour force,NSA,Unadjusted data (i.e. neither seasonally adjusted nor calendar adjusted data),LM-UN-T-GT25,Unemployment according to ILO definition - over 25 years - total,EA20,Euro area – 20 countries (2023-2025),2020-03,,6.5,,,,,
dataflow,ESTAT:EI_LMHR_M(1.0),Unemployment rate (%) - monthly data,M,Monthly,PC_ACT,Percentage of population in the labour force,NSA,Unadjusted data (i.e. neither seasonally adjusted nor calendar adjusted data),LM-UN-T-GT25,Unemployment according to ILO definition - over 25 years - total,EA20,Euro area – 20 countries (2023-2025),2020-04,,6.3,,,,,
dataflow,ESTAT:EI_LMHR_M(1.0),Unemployment rate (%) - monthly data,M,Monthly,PC_ACT,Percentage of population in the labour force,NSA,Unadjusted data (i.e. neither seasonally adjusted nor calendar adjusted data),LM-UN-T-GT25,Unemployment according to ILO definition - over 25 years - total,EA20,Euro area – 20 countries (2023-2025),2020-05,,6.4,,,,,
dataflow,ESTAT:EI_LMHR_M(1.0),Unemployment rate (%) - monthly data,M,Monthly,PC_ACT,Percentage of population in the labour force,NSA,Unadjusted data (i.e. neither seasonally adjusted nor calendar adjusted data),LM-UN-T-GT25,Unemployment according to ILO definition - over 25 years - total,EA20,Euro area – 20 countries (2023-2025),2020-06,,6.9,,,,,
dataflow,ESTAT:EI_LMHR_M(1.0),Unemployment rate (%) - monthly data,M,Monthly,PC_ACT,Percentage of population in the labour force,NSA,Unadjusted data (i.e. neither seasonally adjusted nor calendar adjusted data),LM-UN-T-GT25,Unemployment according to ILO definition - over 25 years - total,EA20,Euro area – 20 countries (2023-2025),2020-07,,7.3,,,,,
dataflow,ESTAT:EI_LMHR_M(1.0),Unemployment rate (%) - monthly data,M,Monthly,PC_ACT,Percentage of population in the labour force,NSA,Unadjusted data (i.e. neither seasonally adjusted nor calendar adjusted data),LM-UN-T-GT25,Unemployment according to ILO definition - over 25 years - total,EA20,Euro area – 20 countries (2023-2025),2020-08,,7.5,,,,,
dataflow,ESTAT:EI_LMHR_M(1.0),Unemployment rate (%) - monthly data,M,Monthly,PC_ACT,Percentage of population in the labour force,NSA,Unadjusted data (i.e. neither seasonally adjusted nor calendar adjusted data),LM-UN-T-GT25,Unemployment according to ILO definition - over 25 years - total,EA20,Euro area – 20 countries (2023-2025),2020-09,,7.5,,,,,
dataflow,ESTAT:EI_LMHR_M(1.0),Unemployment rate (%) - monthly data,M,Monthly,PC_ACT,Percentage of population in the labour force,NSA,Unadjusted data (i.e. neither seasonally adjusted nor calendar adjusted data),LM-UN-T-LE25,Unemployment according to ILO definition - under 25 years - total,EA20,Euro area – 20 countries (2023-2025),2018-09,,18.0,,,,,
dataflow,ESTAT:EI_LMHR_M(1.0),Unemployment rate (%) - monthly data,M,Monthly,PC_ACT,Percentage of population in the labour force,NSA,Unadjusted data (i.e. neither seasonally adjusted nor calendar adjusted data),LM-UN-T-LE25,Unemployment according to ILO definition - under 25 years - total,EA20,Euro area – 20 countries (2023-2025),2018-10,,18.0,,,,,
dataflow,ESTAT:EI_LMHR_M(1.0),Unemployment rate (%) - monthly data,M,Monthly,PC_ACT,Percentage of population in the labour force,NSA,Unadjusted data (i.e. neither seasonally adjusted nor calendar adjusted data),LM-UN-T-LE25,Unemployment according to ILO definition - under 25 years - total,EA20,Euro area – 20 countries (2023-2025),2018-11,,16.6,,,,,
dataflow,ESTAT:EI_LMHR_M(1.0),Unemployment rate (%) - monthly data,M,Monthly,PC_ACT,Percentage of population in the labour force,NSA,Unadjusted data (i.e. neither seasonally adjusted nor calendar adjusted data),LM-UN-T-LE25,Unemployment according to ILO definition - under 25 years - total,EA20,Euro area – 20 countries (2023-2025),2018-12,,16.2,,,,,
dataflow,ESTAT:EI_LMHR_M(1.0),Unemployment rate (%) - monthly data,M,Monthly,PC_ACT,Percentage of population in the labour force,NSA,Unadjusted data (i.e. neither seasonally adjusted nor calendar adjusted data),LM-UN-T-LE25,Unemployment according to ILO definition - under 25 years - total,EA20,Euro area – 20 countries (2023-2025),2019-01,,17.4,,,,,
dataflow,ESTAT:EI_LMHR_M(1.0),Unemployment rate (%) - monthly data,M,Monthly,PC_ACT,Percentage of population in the labour force,NSA,Unadjusted data (i.e. neither seasonally adjusted nor calendar adjusted data),LM-UN-T-LE25,Unemployment according to ILO definition - under 25 years - total,EA20,Euro area – 20 countries (2023-2025),2019-02,,17.1,,,,,
dataflow,ESTAT:EI_LMHR_M(1.0),Unemployment rate (%) - monthly data,M,Monthly,PC_ACT,Percentage of population in the labour force,NSA,Unadjusted data (i.e. neither seasonally adjusted nor calendar adjusted data),LM-UN-T-LE25,Unemployment according to ILO definition - under 25 years - total,EA20,Euro area – 20 countries (2023-2025),2019-03,,16.7,,,,,
dataflow,ESTAT:EI_LMHR_M(1.0),Unemployment rate (%) - monthly data,M,Monthly,PC_ACT,Percentage of population in the labour force,NSA,Unadjusted data (i.e. neither seasonally adjusted nor calendar adjusted data),LM-UN-T-LE25,Unemployment according to ILO definition - under 25 years - total,EA20,Euro area – 20 countries (2023-2025),2019-04,,16.2,,,,,
dataflow,ESTAT:EI_LMHR_M(1.0),Unemployment rate (%) - monthly data,M,Monthly,PC_ACT,Percentage of population in the labour force,NSA,Unadjusted data (i.e. neither seasonally adjusted nor calendar adjusted data),LM-UN-T-LE25,Unemployment according to ILO definition - under 25 years - total,EA20,Euro area – 20 countries (2023-2025),2019-05,,16.2,,,,,
dataflow,ESTAT:EI_LMHR_M(1.0),Unemployment rate (%) - monthly data,M,Monthly,PC_ACT,Percentage of population in the labour force,NSA,Unadjusted data (i.e. neither seasonally adjusted nor calendar adjusted data),LM-UN-T-LE25,Unemployment according to ILO definition - under 25 years - total,EA20,Euro area – 20 countries (2023-2025),2019-06,,15.5,,,,,
dataflow,ESTAT:EI_LMHR_M(1.0),Unemployment rate (%) - monthly data,M,Monthly,PC_ACT,Percentage of population in the labour force,NSA,Unadjusted data (i.e. neither seasonally adjusted nor calendar adjusted data),LM-UN-T-LE25,Unemployment according to ILO definition - under 25 years - total,EA20,Euro area – 20 countries (2023-2025),2019-07,,15.9,,,,,
dataflow,ESTAT:EI_LMHR_M(1.0),Unemployment rate (%) - monthly data,M,Monthly,PC_ACT,Percentage of population in the labour force,NSA,Unadjusted data (i.e. neither seasonally adjusted nor calendar adjusted data),LM-UN-T-LE25,Unemployment according to ILO definition - under 25 years - total,EA20,Euro area – 20 countries (2023-2025),2019-08,,15.8,,,,,
dataflow,ESTAT:EI_LMHR_M(1.0),Unemployment rate (%) - monthly data,M,Monthly,PC_ACT,Percentage of population in the labour force,NSA,Unadjusted data (i.e. neither seasonally adjusted nor calendar adjusted data),LM-UN-T-LE25,Unemployment according to ILO definition - under 25 years - total,EA20,Euro area – 20 countries (2023-2025),2019-09,,16.8,,,,,
dataflow,ESTAT:EI_LMHR_M(1.0),Unemployment rate (%) - monthly data,M,Monthly,PC_ACT,Percentage of population in the labour force,NSA,Unadjusted data (i.e. neither seasonally adjusted nor calendar adjusted data),LM-UN-T-LE25,Unemployment according to ILO definition - under 25 years - total,EA20,Euro area – 20 countries (2023-2025),2019-10,,16.6,,,,,
dataflow,ESTAT:EI_LMHR_M(1.0),Unemployment rate (%) - monthly data,M,Monthly,PC_ACT,Percentage of population in the labour force,NSA,Unadjusted data (i.e. neither seasonally adjusted nor calendar adjusted data),LM-UN-T-LE25,Unemployment according to ILO definition - under 25 years - total,EA20,Euro area – 20 countries (2023-2025),2019-11,,16.2,,,,,
dataflow,ESTAT:EI_LMHR_M(1.0),Unemployment rate (%) - monthly data,M,Monthly,PC_ACT,Percentage of population in the labour force,NSA,Unadjusted data (i.e. neither seasonally adjusted nor calendar adjusted data),LM-UN-T-LE25,Unemployment according to ILO definition - under 25 years - total,EA20,Euro area – 20 countries (2023-2025),2019-12,,15.4,,,,,
dataflow,ESTAT:EI_LMHR_M(1.0),Unemployment rate (%) - monthly data,M,Monthly,PC_ACT,Percentage of population in the labour force,NSA,Unadjusted data (i.e. neither seasonally adjusted nor calendar adjusted data),LM-UN-T-LE25,Unemployment according to ILO definition - under 25 years - total,EA20,Euro area – 20 countries (2023-2025),2020-01,,16.6,,,,,
dataflow,ESTAT:EI_LMHR_M(1.0),Unemployment rate (%) - monthly data,M,Monthly,PC_ACT,Percentage of population in the labour force,NSA,Unadjusted data (i.e. neither seasonally adjusted nor calendar adjusted data),LM-UN-T-LE25,Unemployment according to ILO definition - under 25 years - total,EA20,Euro area – 20 countries (2023-2025),2020-02,,16.7,,,,,
dataflow,ESTAT:EI_LMHR_M(1.0),Unemployment rate (%) - monthly data,M,Monthly,PC_ACT,Percentage of population in the labour force,NSA,Unadjusted data (i.e. neither seasonally adjusted nor calendar adjusted data),LM-UN-T-LE25,Unemployment according to ILO definition - under 25 years - total,EA20,Euro area – 20 countries (2023-2025),2020-03,,16.4,,,,,
dataflow,ESTAT:EI_LMHR_M(1.0),Unemployment rate (%) - monthly data,M,Monthly,PC_ACT,Percentage of population in the labour force,NSA,Unadjusted data (i.e. neither seasonally adjusted nor calendar adjusted data),LM-UN-T-LE25,Unemployment according to ILO definition - under 25 years - total,EA20,Euro area – 20 countries (2023-2025),2020-04,,17.2,,,,,
dataflow,ESTAT:EI_LMHR_M(1.0),Unemployment rate (%) - monthly data,M,Monthly,PC_ACT,Percentage of population in the labour force,NSA,Unadjusted data (i.e. neither seasonally adjusted nor calendar adjusted data),LM-UN-T-LE25,Unemployment according to ILO definition - under 25 years - total,EA20,Euro area – 20 countries (2023-2025),2020-05,,18.2,,,,,
dataflow,ESTAT:EI_LMHR_M(1.0),Unemployment rate (%) - monthly data,M,Monthly,PC_ACT,Percentage of population in the labour force,NSA,Unadjusted data (i.e. neither seasonally adjusted nor calendar adjusted data),LM-UN-T-LE25,Unemployment according to ILO definition - under 25 years - total,EA20,Euro area – 20 countries (2023-2025),2020-06,,18.8,,,,,
dataflow,ESTAT:EI_LMHR_M(1.0),Unemployment rate (%) - monthly data,M,Monthly,PC_ACT,Percentage of population in the labour force,NSA,Unadjusted data (i.e. neither seasonally adjusted nor calendar adjusted data),LM-UN-T-LE25,Unemployment according to ILO definition - under 25 years - total,EA20,Euro area – 20 countries (2023-2025),2020-07,,19.8,,,,,
dataflow,ESTAT:EI_LMHR_M(1.0),Unemployment rate (%) - monthly data,M,Monthly,PC_ACT,Percentage of population in the labour force,NSA,Unadjusted data (i.e. neither seasonally adjusted nor calendar adjusted data),LM-UN-T-LE25,Unemployment according to ILO definition - under 25 years - total,EA20,Euro area – 20 countries (2023-2025),2020-08,,20.2,,,,,
dataflow,ESTAT:EI_LMHR_M(1.0),Unemployment rate (%) - monthly data,M,Monthly,PC_ACT,Percentage of population in the labour force,NSA,Unadjusted data (i.e. neither seasonally adjusted nor calendar adjusted data),LM-UN-T-LE25,Unemployment according to ILO definition - under 25 years - total,EA20,Euro area – 20 countries (2023-2025),2020-09,,19.4,,,,,
dataflow,ESTAT:EI_LMHR_M(1.0),Unemployment rate (%) - monthly data,M,Monthly,PC_ACT,Percentage of population in the labour force,NSA,Unadjusted data (i.e. neither seasonally adjusted nor calendar adjusted data),LM-UN-T-TOT,Unemployment according to ILO definition - total,EA20,Euro area – 20 countries (2023-2025),2018-09,,7.8,,,,,
dataflow,ESTAT:EI_LMHR_M(1.0),Unemployment rate (%) - monthly data,M,Monthly,PC_ACT,Percentage of population in the labour force,NSA,Unadjusted data (i.e. neither seasonally adjusted nor calendar adjusted data),LM-UN-T-TOT,Unemployment according to ILO definition - total,EA20,Euro area – 20 countries (2023-2025),2018-10,,8.1,,,,,
dataflow,ESTAT:EI_LMHR_M(1.0),Unemployment rate (%) - monthly data,M,Monthly,PC_ACT,Percentage of population in the labour force,NSA,Unadjusted data (i.e. neither seasonally adjusted nor calendar adjusted data),LM-UN-T-TOT,Unemployment according to ILO definition - total,EA20,Euro area – 20 countries (2023-2025),2018-11,,8.0,,,,,
dataflow,ESTAT:EI_LMHR_M(1.0),Unemployment rate (%) - monthly data,M,Monthly,PC_ACT,Percentage of population in the labour force,NSA,Unadjusted data (i.e. neither seasonally adjusted nor calendar adjusted data),LM-UN-T-TOT,Unemployment according to ILO definition - total,EA20,Euro area – 20 countries (2023-2025),2018-12,,7.8,,,,,
dataflow,ESTAT:EI_LMHR_M(1.0),Unemployment rate (%) - monthly data,M,Monthly,PC_ACT,Percentage of population in the labour force,NSA,Unadjusted data (i.e. neither seasonally adjusted nor calendar adjusted data),LM-UN-T-TOT,Unemployment according to ILO definition - total,EA20,Euro area – 20 countries (2023-2025),2019-01,,8.3,,,,,
dataflow,ESTAT:EI_LMHR_M(1.0),Unemployment rate (%) - monthly data,M,Monthly,PC_ACT,Percentage of population in the labour force,NSA,Unadjusted data (i.e. neither seasonally adjusted nor calendar adjusted data),LM-UN-T-TOT,Unemployment according to ILO definition - total,EA20,Euro area – 20 countries (2023-2025),2019-02,,8.2,,,,,
dataflow,ESTAT:EI_LMHR_M(1.0),Unemployment rate (%) - monthly data,M,Monthly,PC_ACT,Percentage of population in the labour force,NSA,Unadjusted data (i.e. neither seasonally adjusted nor calendar adjusted data),LM-UN-T-TOT,Unemployment according to ILO definition - total,EA20,Euro area – 20 countries (2023-2025),2019-03,,8.0,,,,,
dataflow,ESTAT:EI_LMHR_M(1.0),Unemployment rate (%) - monthly data,M,Monthly,PC_ACT,Percentage of population in the labour force,NSA,Unadjusted data (i.e. neither seasonally adjusted nor calendar adjusted data),LM-UN-T-TOT,Unemployment according to ILO definition - total,EA20,Euro area – 20 countries (2023-2025),2019-04,,7.7,,,,,
dataflow,ESTAT:EI_LMHR_M(1.0),Unemployment rate (%) - monthly data,M,Monthly,PC_ACT,Percentage of population in the labour force,NSA,Unadjusted data (i.e. neither seasonally adjusted nor calendar adjusted data),LM-UN-T-TOT,Unemployment according to ILO definition - total,EA20,Euro area – 20 countries (2023-2025),2019-05,,7.5,,,,,
dataflow,ESTAT:EI_LMHR_M(1.0),Unemployment rate (%) - monthly data,M,Monthly,PC_ACT,Percentage of population in the labour force,NSA,Unadjusted data (i.e. neither seasonally adjusted nor calendar adjusted data),LM-UN-T-TOT,Unemployment according to ILO definition - total,EA20,Euro area – 20 countries (2023-2025),2019-06,,7.2,,,,,
dataflow,ESTAT:EI_LMHR_M(1.0),Unemployment rate (%) - monthly data,M,Monthly,PC_ACT,Percentage of population in the labour force,NSA,Unadjusted data (i.e. neither seasonally adjusted nor calendar adjusted data),LM-UN-T-TOT,Unemployment according to ILO definition - total,EA20,Euro area – 20 countries (2023-2025),2019-07,,7.3,,,,,
dataflow,ESTAT:EI_LMHR_M(1.0),Unemployment rate (%) - monthly data,M,Monthly,PC_ACT,Percentage of population in the labour force,NSA,Unadjusted data (i.e. neither seasonally adjusted nor calendar adjusted data),LM-UN-T-TOT,Unemployment according to ILO definition - total,EA20,Euro area – 20 countries (2023-2025),2019-08,,7.3,,,,,
dataflow,ESTAT:EI_LMHR_M(1.0),Unemployment rate (%) - monthly data,M,Monthly,PC_ACT,Percentage of population in the labour force,NSA,Unadjusted data (i.e. neither seasonally adjusted nor calendar adjusted data),LM-UN-T-TOT,Unemployment according to ILO definition - total,EA20,Euro area – 20 countries (2023-2025),2019-09,,7.4,,,,,
dataflow,ESTAT:EI_LMHR_M(1.0),Unemployment rate (%) - monthly data,M,Monthly,PC_ACT,Percentage of population in the labour force,NSA,Unadjusted data (i.e. neither seasonally adjusted nor calendar adjusted data),LM-UN-T-TOT,Unemployment according to ILO definition - total,EA20,Euro area – 20 countries (2023-2025),2019-10,,7.4,,,,,
dataflow,ESTAT:EI_LMHR_M(1.0),Unemployment rate (%) - monthly data,M,Monthly,PC_ACT,Percentage of population in the labour force,NSA,Unadjusted data (i.e. neither seasonally adjusted nor calendar adjusted data),LM-UN-T-TOT,Unemployment according to ILO definition - total,EA20,Euro area – 20 countries (2023-2025),2019-11,,7.5,,,,,
dataflow,ESTAT:EI_LMHR_M(1.0),Unemployment rate (%) - monthly data,M,Monthly,PC_ACT,Percentage of population in the labour force,NSA,Unadjusted data (i.e. neither seasonally adjusted nor calendar adjusted data),LM-UN-T-TOT,Unemployment according to ILO definition - total,EA20,Euro area – 20 countries (2023-2025),2019-12,,7.4,,,,,
dataflow,ESTAT:EI_LMHR_M(1.0),Unemployment rate (%) - monthly data,M,Monthly,PC_ACT,Percentage of population in the labour force,NSA,Unadjusted data (i.e. neither seasonally adjusted nor calendar adjusted data),LM-UN-T-TOT,Unemployment according to ILO definition - total,EA20,Euro area – 20 countries (2023-2025),2020-01,,7.8,,,,,
dataflow,ESTAT:EI_LMHR_M(1.0),Unemployment rate (%) - monthly data,M,Monthly,PC_ACT,Percentage of population in the labour force,NSA,Unadjusted data (i.e. neither seasonally adjusted nor calendar adjusted data),LM-UN-T-TOT,Unemployment according to ILO definition - total,EA20,Euro area – 20 countries (2023-2025),2020-02,,7.7,,,,,
dataflow,ESTAT:EI_LMHR_M(1.0),Unemployment rate (%) - monthly data,M,Monthly,PC_ACT,Percentage of population in the labour force,NSA,Unadjusted data (i.e. neither seasonally adjusted nor calendar adjusted data),LM-UN-T-TOT,Unemployment according to ILO definition - total,EA20,Euro area – 20 countries (2023-2025),2020-03,,7.3,,,,,
dataflow,ESTAT:EI_LMHR_M(1.0),Unemployment rate (%) - monthly data,M,Monthly,PC_ACT,Percentage of population in the labour force,NSA,Unadjusted data (i.e. neither seasonally adjusted nor calendar adjusted data),LM-UN-T-TOT,Unemployment according to ILO definition - total,EA20,Euro area – 20 countries (2023-2025),2020-04,,7.2,,,,,
dataflow,ESTAT:EI_LMHR_M(1.0),Unemployment rate (%) - monthly data,M,Monthly,PC_ACT,Percentage of population in the labour force,NSA,Unadjusted data (i.e. neither seasonally adjusted nor calendar adjusted data),LM-UN-T-TOT,Unemployment according to ILO definition - total,EA20,Euro area – 20 countries (2023-2025),2020-05,,7.4,,,,,
dataflow,ESTAT:EI_LMHR_M(1.0),Unemployment rate (%) - monthly data,M,Monthly,PC_ACT,Percentage of population in the labour force,NSA,Unadjusted data (i.e. neither seasonally adjusted nor calendar adjusted data),LM-UN-T-TOT,Unemployment according to ILO definition - total,EA20,Euro area – 20 countries (2023-2025),2020-06,,7.9,,,,,
dataflow,ESTAT:EI_LMHR_M(1.0),Unemployment rate (%) - monthly data,M,Monthly,PC_ACT,Percentage of population in the labour force,NSA,Unadjusted data (i.e. neither seasonally adjusted nor calendar adjusted data),LM-UN-T-TOT,Unemployment according to ILO definition - total,EA20,Euro area – 20 countries (2023-2025),2020-07,,8.4,,,,,
dataflow,ESTAT:EI_LMHR_M(1.0),Unemployment rate (%) - monthly data,M,Monthly,PC_ACT,Percentage of population in the labour force,NSA,Unadjusted data (i.e. neither seasonally adjusted nor calendar adjusted data),LM-UN-T-TOT,Unemployment according to ILO definition - total,EA20,Euro area – 20 countries (2023-2025),2020-08,,8.6,,,,,
dataflow,ESTAT:EI_LMHR_M(1.0),Unemployment rate (%) - monthly data,M,Monthly,PC_ACT,Percentage of population in the labour force,NSA,Unadjusted data (i.e. neither seasonally adjusted nor calendar adjusted data),LM-UN-T-TOT,Unemployment according to ILO definition - total,EA20,Euro area – 20 countries (2023-2025),2020-09,,8.6,,,,,
dataflow,ESTAT:EI_LMHR_M(1.0),Unemployment rate (%) - monthly data,M,Monthly,PC_ACT,Percentage of population in the labour force,SA,"Seasonally adjusted data, not calendar adjusted data",LM-UN-F-GT25,Unemployment according to ILO definition - over 25 years - females,EA20,Euro area – 20 countries (2023-2025),2018-09,,7.6,,,,,
dataflow,ESTAT:EI_LMHR_M(1.0),Unemployment rate (%) - monthly data,M,Monthly,PC_ACT,Percentage of population in the labour force,SA,"Seasonally adjusted data, not calendar adjusted data",LM-UN-F-GT25,Unemployment according to ILO definition - over 25 years - females,EA20,Euro area – 20 countries (2023-2025),2018-10,,7.6,,,,,
dataflow,ESTAT:EI_LMHR_M(1.0),Unemployment rate (%) - monthly data,M,Monthly,PC_ACT,Percentage of population in the labour force,SA,"Seasonally adjusted data, not calendar adjusted data",LM-UN-F-GT25,Unemployment according to ILO definition - over 25 years - females,EA20,Euro area – 20 countries (2023-2025),2018-11,,7.6,,,,,
dataflow,ESTAT:EI_LMHR_M(1.0),Unemployment rate (%) - monthly data,M,Monthly,PC_ACT,Percentage of population in the labour force,SA,"Seasonally adjusted data, not calendar adjusted data",LM-UN-F-GT25,Unemployment according to ILO definition - over 25 years - females,EA20,Euro area – 20 countries (2023-2025),2018-12,,7.6,,,,,
dataflow,ESTAT:EI_LMHR_M(1.0),Unemployment rate (%) - monthly data,M,Monthly,PC_ACT,Percentage of population in the labour force,SA,"Seasonally adjusted data, not calendar adjusted data",LM-UN-F-GT25,Unemployment according to ILO definition - over 25 years - females,EA20,Euro area – 20 countries (2023-2025),2019-01,,7.5,,,,,
dataflow,ESTAT:EI_LMHR_M(1.0),Unemployment rate (%) - monthly data,M,Monthly,PC_ACT,Percentage of population in the labour force,SA,"Seasonally adjusted data, not calendar adjusted data",LM-UN-F-GT25,Unemployment according to ILO definition - over 25 years - females,EA20,Euro area – 20 countries (2023-2025),2019-02,,7.5,,,,,
dataflow,ESTAT:EI_LMHR_M(1.0),Unemployment rate (%) - monthly data,M,Monthly,PC_ACT,Percentage of population in the labour force,SA,"Seasonally adjusted data, not calendar adjusted data",LM-UN-F-GT25,Unemployment according to ILO definition - over 25 years - females,EA20,Euro area – 20 countries (2023-2025),2019-03,,7.4,,,,,
dataflow,ESTAT:EI_LMHR_M(1.0),Unemployment rate (%) - monthly data,M,Monthly,PC_ACT,Percentage of population in the labour force,SA,"Seasonally adjusted data, not calendar adjusted data",LM-UN-F-GT25,Unemployment according to ILO definition - over 25 years - females,EA20,Euro area – 20 countries (2023-2025),2019-04,,7.3,,,,,
dataflow,ESTAT:EI_LMHR_M(1.0),Unemployment rate (%) - monthly data,M,Monthly,PC_ACT,Percentage of population in the labour force,SA,"Seasonally adjusted data, not calendar adjusted data",LM-UN-F-GT25,Unemployment according to ILO definition - over 25 years - females,EA20,Euro area – 20 countries (2023-2025),2019-05,,7.2,,,,,
dataflow,ESTAT:EI_LMHR_M(1.0),Unemployment rate (%) - monthly data,M,Monthly,PC_ACT,Percentage of population in the labour force,SA,"Seasonally adjusted data, not calendar adjusted data",LM-UN-F-GT25,Unemployment according to ILO definition - over 25 years - females,EA20,Euro area – 20 countries (2023-2025),2019-06,,7.2,,,,,
dataflow,ESTAT:EI_LMHR_M(1.0),Unemployment rate (%) - monthly data,M,Monthly,PC_ACT,Percentage of population in the labour force,SA,"Seasonally adjusted data, not calendar adjusted data",LM-UN-F-GT25,Unemployment according to ILO definition - over 25 years - females,EA20,Euro area – 20 countries (2023-2025),2019-07,,7.2,,,,,
dataflow,ESTAT:EI_LMHR_M(1.0),Unemployment rate (%) - monthly data,M,Monthly,PC_ACT,Percentage of population in the labour force,SA,"Seasonally adjusted data, not calendar adjusted data",LM-UN-F-GT25,Unemployment according to ILO definition - over 25 years - females,EA20,Euro area – 20 countries (2023-2025),2019-08,,7.1,,,,,
dataflow,ESTAT:EI_LMHR_M(1.0),Unemployment rate (%) - monthly data,M,Monthly,PC_ACT,Percentage of population in the labour force,SA,"Seasonally adjusted data, not calendar adjusted data",LM-UN-F-GT25,Unemployment according to ILO definition - over 25 years - females,EA20,Euro area – 20 countries (2023-2025),2019-09,,7.0,,,,,
dataflow,ESTAT:EI_LMHR_M(1.0),Unemployment rate (%) - monthly data,M,Monthly,PC_ACT,Percentage of population in the labour force,SA,"Seasonally adjusted data, not calendar adjusted data",LM-UN-F-GT25,Unemployment according to ILO definition - over 25 years - females,EA20,Euro area – 20 countries (2023-2025),2019-10,,7.0,,,,,
dataflow,ESTAT:EI_LMHR_M(1.0),Unemployment rate (%) - monthly data,M,Monthly,PC_ACT,Percentage of population in the labour force,SA,"Seasonally adjusted data, not calendar adjusted data",LM-UN-F-GT25,Unemployment according to ILO definition - over 25 years - females,EA20,Euro area – 20 countries (2023-2025),2019-11,,7.1,,,,,
dataflow,ESTAT:EI_LMHR_M(1.0),Unemployment rate (%) - monthly data,M,Monthly,PC_ACT,Percentage of population in the labour force,SA,"Seasonally adjusted data, not calendar adjusted data",LM-UN-F-GT25,Unemployment according to ILO definition - over 25 years - females,EA20,Euro area – 20 countries (2023-2025),2019-12,,7.0,,,,,
dataflow,ESTAT:EI_LMHR_M(1.0),Unemployment rate (%) - monthly data,M,Monthly,PC_ACT,Percentage of population in the labour force,SA,"Seasonally adjusted data, not calendar adjusted data",LM-UN-F-GT25,Unemployment according to ILO definition - over 25 years - females,EA20,Euro area – 20 countries (2023-2025),2020-01,,7.2,,,,,
dataflow,ESTAT:EI_LMHR_M(1.0),Unemployment rate (%) - monthly data,M,Monthly,PC_ACT,Percentage of population in the labour force,SA,"Seasonally adjusted data, not calendar adjusted data",LM-UN-F-GT25,Unemployment according to ILO definition - over 25 years - females,EA20,Euro area – 20 countries (2023-2025),2020-02,,6.9,,,,,
dataflow,ESTAT:EI_LMHR_M(1.0),Unemployment rate (%) - monthly data,M,Monthly,PC_ACT,Percentage of population in the labour force,SA,"Seasonally adjusted data, not calendar adjusted data",LM-UN-F-GT25,Unemployment according to ILO definition - over 25 years - females,EA20,Euro area – 20 countries (2023-2025),2020-03,,6.6,,,,,
dataflow,ESTAT:EI_LMHR_M(1.0),Unemployment rate (%) - monthly data,M,Monthly,PC_ACT,Percentage of population in the labour force,SA,"Seasonally adjusted data, not calendar adjusted data",LM-UN-F-GT25,Unemployment according to ILO definition - over 25 years - females,EA20,Euro area – 20 countries (2023-2025),2020-04,,6.7,,,,,
dataflow,ESTAT:EI_LMHR_M(1.0),Unemployment rate (%) - monthly data,M,Monthly,PC_ACT,Percentage of population in the labour force,SA,"Seasonally adjusted data, not calendar adjusted data",LM-UN-F-GT25,Unemployment according to ILO definition - over 25 years - females,EA20,Euro area – 20 countries (2023-2025),2020-05,,6.9,,,,,
dataflow,ESTAT:EI_LMHR_M(1.0),Unemployment rate (%) - monthly data,M,Monthly,PC_ACT,Percentage of population in the labour force,SA,"Seasonally adjusted data, not calendar adjusted data",LM-UN-F-GT25,Unemployment according to ILO definition - over 25 years - females,EA20,Euro area – 20 countries (2023-2025),2020-06,,7.4,,,,,
dataflow,ESTAT:EI_LMHR_M(1.0),Unemployment rate (%) - monthly data,M,Monthly,PC_ACT,Percentage of population in the labour force,SA,"Seasonally adjusted data, not calendar adjusted data",LM-UN-F-GT25,Unemployment according to ILO definition - over 25 years - females,EA20,Euro area – 20 countries (2023-2025),2020-07,,7.9,,,,,
dataflow,ESTAT:EI_LMHR_M(1.0),Unemployment rate (%) - monthly data,M,Monthly,PC_ACT,Percentage of population in the labour force,SA,"Seasonally adjusted data, not calendar adjusted data",LM-UN-F-GT25,Unemployment according to ILO definition - over 25 years - females,EA20,Euro area – 20 countries (2023-2025),2020-08,,8.0,,,,,
dataflow,ESTAT:EI_LMHR_M(1.0),Unemployment rate (%) - monthly data,M,Monthly,PC_ACT,Percentage of population in the labour force,SA,"Seasonally adjusted data, not calendar adjusted data",LM-UN-F-GT25,Unemployment according to ILO definition - over 25 years - females,EA20,Euro area – 20 countries (2023-2025),2020-09,,8.1,,,,,
dataflow,ESTAT:EI_LMHR_M(1.0),Unemployment rate (%) - monthly data,M,Monthly,PC_ACT,Percentage of population in the labour force,SA,"Seasonally adjusted data, not calendar adjusted data",LM-UN-F-LE25,Unemployment according to ILO definition - under 25 years - females,EA20,Euro area – 20 countries (2023-2025),2018-09,,16.7,,,,,
dataflow,ESTAT:EI_LMHR_M(1.0),Unemployment rate (%) - monthly data,M,Monthly,PC_ACT,Percentage of population in the labour force,SA,"Seasonally adjusted data, not calendar adjusted data",LM-UN-F-LE25,Unemployment according to ILO definition - under 25 years - females,EA20,Euro area – 20 countries (2023-2025),2018-10,,17.1,,,,,
dataflow,ESTAT:EI_LMHR_M(1.0),Unemployment rate (%) - monthly data,M,Monthly,PC_ACT,Percentage of population in the labour force,SA,"Seasonally adjusted data, not calendar adjusted data",LM-UN-F-LE25,Unemployment according to ILO definition - under 25 years - females,EA20,Euro area – 20 countries (2023-2025),2018-11,,16.8,,,,,
dataflow,ESTAT:EI_LMHR_M(1.0),Unemployment rate (%) - monthly data,M,Monthly,PC_ACT,Percentage of population in the labour force,SA,"Seasonally adjusted data, not calendar adjusted data",LM-UN-F-LE25,Unemployment according to ILO definition - under 25 years - females,EA20,Euro area – 20 countries (2023-2025),2018-12,,17.0,,,,,
dataflow,ESTAT:EI_LMHR_M(1.0),Unemployment rate (%) - monthly data,M,Monthly,PC_ACT,Percentage of population in the labour force,SA,"Seasonally adjusted data, not calendar adjusted data",LM-UN-F-LE25,Unemployment according to ILO definition - under 25 years - females,EA20,Euro area – 20 countries (2023-2025),2019-01,,16.8,,,,,
dataflow,ESTAT:EI_LMHR_M(1.0),Unemployment rate (%) - monthly data,M,Monthly,PC_ACT,Percentage of population in the labour force,SA,"Seasonally adjusted data, not calendar adjusted data",LM-UN-F-LE25,Unemployment according to ILO definition - under 25 years - females,EA20,Euro area – 20 countries (2023-2025),2019-02,,16.9,,,,,
dataflow,ESTAT:EI_LMHR_M(1.0),Unemployment rate (%) - monthly data,M,Monthly,PC_ACT,Percentage of population in the labour force,SA,"Seasonally adjusted data, not calendar adjusted data",LM-UN-F-LE25,Unemployment according to ILO definition - under 25 years - females,EA20,Euro area – 20 countries (2023-2025),2019-03,,16.4,,,,,
dataflow,ESTAT:EI_LMHR_M(1.0),Unemployment rate (%) - monthly data,M,Monthly,PC_ACT,Percentage of population in the labour force,SA,"Seasonally adjusted data, not calendar adjusted data",LM-UN-F-LE25,Unemployment according to ILO definition - under 25 years - females,EA20,Euro area – 20 countries (2023-2025),2019-04,,16.4,,,,,
dataflow,ESTAT:EI_LMHR_M(1.0),Unemployment rate (%) - monthly data,M,Monthly,PC_ACT,Percentage of population in the labour force,SA,"Seasonally adjusted data, not calendar adjusted data",LM-UN-F-LE25,Unemployment according to ILO definition - under 25 years - females,EA20,Euro area – 20 countries (2023-2025),2019-05,,16.0,,,,,
dataflow,ESTAT:EI_LMHR_M(1.0),Unemployment rate (%) - monthly data,M,Monthly,PC_ACT,Percentage of population in the labour force,SA,"Seasonally adjusted data, not calendar adjusted data",LM-UN-F-LE25,Unemployment according to ILO definition - under 25 years - females,EA20,Euro area – 20 countries (2023-2025),2019-06,,15.5,,,,,
dataflow,ESTAT:EI_LMHR_M(1.0),Unemployment rate (%) - monthly data,M,Monthly,PC_ACT,Percentage of population in the labour force,SA,"Seasonally adjusted data, not calendar adjusted data",LM-UN-F-LE25,Unemployment according to ILO definition - under 25 years - females,EA20,Euro area – 20 countries (2023-2025),2019-07,,15.7,,,,,
dataflow,ESTAT:EI_LMHR_M(1.0),Unemployment rate (%) - monthly data,M,Monthly,PC_ACT,Percentage of population in the labour force,SA,"Seasonally adjusted data, not calendar adjusted data",LM-UN-F-LE25,Unemployment according to ILO definition - under 25 years - females,EA20,Euro area – 20 countries (2023-2025),2019-08,,15.6,,,,,
dataflow,ESTAT:EI_LMHR_M(1.0),Unemployment rate (%) - monthly data,M,Monthly,PC_ACT,Percentage of population in the labour force,SA,"Seasonally adjusted data, not calendar adjusted data",LM-UN-F-LE25,Unemployment according to ILO definition - under 25 years - females,EA20,Euro area – 20 countries (2023-2025),2019-09,,15.8,,,,,
dataflow,ESTAT:EI_LMHR_M(1.0),Unemployment rate (%) - monthly data,M,Monthly,PC_ACT,Percentage of population in the labour force,SA,"Seasonally adjusted data, not calendar adjusted data",LM-UN-F-LE25,Unemployment according to ILO definition - under 25 years - females,EA20,Euro area – 20 countries (2023-2025),2019-10,,16.4,,,,,
dataflow,ESTAT:EI_LMHR_M(1.0),Unemployment rate (%) - monthly data,M,Monthly,PC_ACT,Percentage of population in the labour force,SA,"Seasonally adjusted data, not calendar adjusted data",LM-UN-F-LE25,Unemployment according to ILO definition - under 25 years - females,EA20,Euro area – 20 countries (2023-2025),2019-11,,16.5,,,,,
dataflow,ESTAT:EI_LMHR_M(1.0),Unemployment rate (%) - monthly data,M,Monthly,PC_ACT,Percentage of population in the labour force,SA,"Seasonally adjusted data, not calendar adjusted data",LM-UN-F-LE25,Unemployment according to ILO definition - under 25 years - females,EA20,Euro area – 20 countries (2023-2025),2019-12,,16.6,,,,,
dataflow,ESTAT:EI_LMHR_M(1.0),Unemployment rate (%) - monthly data,M,Monthly,PC_ACT,Percentage of population in the labour force,SA,"Seasonally adjusted data, not calendar adjusted data",LM-UN-F-LE25,Unemployment according to ILO definition - under 25 years - females,EA20,Euro area – 20 countries (2023-2025),2020-01,,16.8,,,,,
dataflow,ESTAT:EI_LMHR_M(1.0),Unemployment rate (%) - monthly data,M,Monthly,PC_ACT,Percentage of population in the labour force,SA,"Seasonally adjusted data, not calendar adjusted data",LM-UN-F-LE25,Unemployment according to ILO definition - under 25 years - females,EA20,Euro area – 20 countries (2023-2025),2020-02,,16.4,,,,,
dataflow,ESTAT:EI_LMHR_M(1.0),Unemployment rate (%) - monthly data,M,Monthly,PC_ACT,Percentage of population in the labour force,SA,"Seasonally adjusted data, not calendar adjusted data",LM-UN-F-LE25,Unemployment according to ILO definition - under 25 years - females,EA20,Euro area – 20 countries (2023-2025),2020-03,,16.4,,,,,
dataflow,ESTAT:EI_LMHR_M(1.0),Unemployment rate (%) - monthly data,M,Monthly,PC_ACT,Percentage of population in the labour force,SA,"Seasonally adjusted data, not calendar adjusted data",LM-UN-F-LE25,Unemployment according to ILO definition - under 25 years - females,EA20,Euro area – 20 countries (2023-2025),2020-04,,17.3,,,,,
dataflow,ESTAT:EI_LMHR_M(1.0),Unemployment rate (%) - monthly data,M,Monthly,PC_ACT,Percentage of population in the labour force,SA,"Seasonally adjusted data, not calendar adjusted data",LM-UN-F-LE25,Unemployment according to ILO definition - under 25 years - females,EA20,Euro area – 20 countries (2023-2025),2020-05,,18.4,,,,,
dataflow,ESTAT:EI_LMHR_M(1.0),Unemployment rate (%) - monthly data,M,Monthly,PC_ACT,Percentage of population in the labour force,SA,"Seasonally adjusted data, not calendar adjusted data",LM-UN-F-LE25,Unemployment according to ILO definition - under 25 years - females,EA20,Euro area – 20 countries (2023-2025),2020-06,,19.1,,,,,
dataflow,ESTAT:EI_LMHR_M(1.0),Unemployment rate (%) - monthly data,M,Monthly,PC_ACT,Percentage of population in the labour force,SA,"Seasonally adjusted data, not calendar adjusted data",LM-UN-F-LE25,Unemployment according to ILO definition - under 25 years - females,EA20,Euro area – 20 countries (2023-2025),2020-07,,20.0,,,,,
dataflow,ESTAT:EI_LMHR_M(1.0),Unemployment rate (%) - monthly data,M,Monthly,PC_ACT,Percentage of population in the labour force,SA,"Seasonally adjusted data, not calendar adjusted data",LM-UN-F-LE25,Unemployment according to ILO definition - under 25 years - females,EA20,Euro area – 20 countries (2023-2025),2020-08,,20.3,,,,,
dataflow,ESTAT:EI_LMHR_M(1.0),Unemployment rate (%) - monthly data,M,Monthly,PC_ACT,Percentage of population in the labour force,SA,"Seasonally adjusted data, not calendar adjusted data",LM-UN-F-LE25,Unemployment according to ILO definition - under 25 years - females,EA20,Euro area – 20 countries (2023-2025),2020-09,,19.2,,,,,
dataflow,ESTAT:EI_LMHR_M(1.0),Unemployment rate (%) - monthly data,M,Monthly,PC_ACT,Percentage of population in the labour force,SA,"Seasonally adjusted data, not calendar adjusted data",LM-UN-F-TOT,Unemployment according to ILO definition - females,EA20,Euro area – 20 countries (2023-2025),2018-09,,8.4,,,,,
dataflow,ESTAT:EI_LMHR_M(1.0),Unemployment rate (%) - monthly data,M,Monthly,PC_ACT,Percentage of population in the labour force,SA,"Seasonally adjusted data, not calendar adjusted data",LM-UN-F-TOT,Unemployment according to ILO definition - females,EA20,Euro area – 20 countries (2023-2025),2018-10,,8.4,,,,,
dataflow,ESTAT:EI_LMHR_M(1.0),Unemployment rate (%) - monthly data,M,Monthly,PC_ACT,Percentage of population in the labour force,SA,"Seasonally adjusted data, not calendar adjusted data",LM-UN-F-TOT,Unemployment according to ILO definition - females,EA20,Euro area – 20 countries (2023-2025),2018-11,,8.4,,,,,
dataflow,ESTAT:EI_LMHR_M(1.0),Unemployment rate (%) - monthly data,M,Monthly,PC_ACT,Percentage of population in the labour force,SA,"Seasonally adjusted data, not calendar adjusted data",LM-UN-F-TOT,Unemployment according to ILO definition - females,EA20,Euro area – 20 countries (2023-2025),2018-12,,8.4,,,,,
dataflow,ESTAT:EI_LMHR_M(1.0),Unemployment rate (%) - monthly data,M,Monthly,PC_ACT,Percentage of population in the labour force,SA,"Seasonally adjusted data, not calendar adjusted data",LM-UN-F-TOT,Unemployment according to ILO definition - females,EA20,Euro area – 20 countries (2023-2025),2019-01,,8.3,,,,,
dataflow,ESTAT:EI_LMHR_M(1.0),Unemployment rate (%) - monthly data,M,Monthly,PC_ACT,Percentage of population in the labour force,SA,"Seasonally adjusted data, not calendar adjusted data",LM-UN-F-TOT,Unemployment according to ILO definition - females,EA20,Euro area – 20 countries (2023-2025),2019-02,,8.3,,,,,
dataflow,ESTAT:EI_LMHR_M(1.0),Unemployment rate (%) - monthly data,M,Monthly,PC_ACT,Percentage of population in the labour force,SA,"Seasonally adjusted data, not calendar adjusted data",LM-UN-F-TOT,Unemployment according to ILO definition - females,EA20,Euro area – 20 countries (2023-2025),2019-03,,8.2,,,,,
dataflow,ESTAT:EI_LMHR_M(1.0),Unemployment rate (%) - monthly data,M,Monthly,PC_ACT,Percentage of population in the labour force,SA,"Seasonally adjusted data, not calendar adjusted data",LM-UN-F-TOT,Unemployment according to ILO definition - females,EA20,Euro area – 20 countries (2023-2025),2019-04,,8.1,,,,,
dataflow,ESTAT:EI_LMHR_M(1.0),Unemployment rate (%) - monthly data,M,Monthly,PC_ACT,Percentage of population in the labour force,SA,"Seasonally adjusted data, not calendar adjusted data",LM-UN-F-TOT,Unemployment according to ILO definition - females,EA20,Euro area – 20 countries (2023-2025),2019-05,,8.0,,,,,
dataflow,ESTAT:EI_LMHR_M(1.0),Unemployment rate (%) - monthly data,M,Monthly,PC_ACT,Percentage of population in the labour force,SA,"Seasonally adjusted data, not calendar adjusted data",LM-UN-F-TOT,Unemployment according to ILO definition - females,EA20,Euro area – 20 countries (2023-2025),2019-06,,7.9,,,,,
dataflow,ESTAT:EI_LMHR_M(1.0),Unemployment rate (%) - monthly data,M,Monthly,PC_ACT,Percentage of population in the labour force,SA,"Seasonally adjusted data, not calendar adjusted data",LM-UN-F-TOT,Unemployment according to ILO definition - females,EA20,Euro area – 20 countries (2023-2025),2019-07,,7.9,,,,,
dataflow,ESTAT:EI_LMHR_M(1.0),Unemployment rate (%) - monthly data,M,Monthly,PC_ACT,Percentage of population in the labour force,SA,"Seasonally adjusted data, not calendar adjusted data",LM-UN-F-TOT,Unemployment according to ILO definition - females,EA20,Euro area – 20 countries (2023-2025),2019-08,,7.8,,,,,
dataflow,ESTAT:EI_LMHR_M(1.0),Unemployment rate (%) - monthly data,M,Monthly,PC_ACT,Percentage of population in the labour force,SA,"Seasonally adjusted data, not calendar adjusted data",LM-UN-F-TOT,Unemployment according to ILO definition - females,EA20,Euro area – 20 countries (2023-2025),2019-09,,7.8,,,,,
dataflow,ESTAT:EI_LMHR_M(1.0),Unemployment rate (%) - monthly data,M,Monthly,PC_ACT,Percentage of population in the labour force,SA,"Seasonally adjusted data, not calendar adjusted data",LM-UN-F-TOT,Unemployment according to ILO definition - females,EA20,Euro area – 20 countries (2023-2025),2019-10,,7.8,,,,,
dataflow,ESTAT:EI_LMHR_M(1.0),Unemployment rate (%) - monthly data,M,Monthly,PC_ACT,Percentage of population in the labour force,SA,"Seasonally adjusted data, not calendar adjusted data",LM-UN-F-TOT,Unemployment according to ILO definition - females,EA20,Euro area – 20 countries (2023-2025),2019-11,,7.9,,,,,
dataflow,ESTAT:EI_LMHR_M(1.0),Unemployment rate (%) - monthly data,M,Monthly,PC_ACT,Percentage of population in the labour force,SA,"Seasonally adjusted data, not calendar adjusted data",LM-UN-F-TOT,Unemployment according to ILO definition - females,EA20,Euro area – 20 countries (2023-2025),2019-12,,7.9,,,,,
dataflow,ESTAT:EI_LMHR_M(1.0),Unemployment rate (%) - monthly data,M,Monthly,PC_ACT,Percentage of population in the labour force,SA,"Seasonally adjusted data, not calendar adjusted data",LM-UN-F-TOT,Unemployment according to ILO definition - females,EA20,Euro area – 20 countries (2023-2025),2020-01,,8.0,,,,,
dataflow,ESTAT:EI_LMHR_M(1.0),Unemployment rate (%) - monthly data,M,Monthly,PC_ACT,Percentage of population in the labour force,SA,"Seasonally adjusted data, not calendar adjusted data",LM-UN-F-TOT,Unemployment according to ILO definition - females,EA20,Euro area – 20 countries (2023-2025),2020-02,,7.7,,,,,
dataflow,ESTAT:EI_LMHR_M(1.0),Unemployment rate (%) - monthly data,M,Monthly,PC_ACT,Percentage of population in the labour force,SA,"Seasonally adjusted data, not calendar adjusted data",LM-UN-F-TOT,Unemployment according to ILO definition - females,EA20,Euro area – 20 countries (2023-2025),2020-03,,7.5,,,,,
dataflow,ESTAT:EI_LMHR_M(1.0),Unemployment rate (%) - monthly data,M,Monthly,PC_ACT,Percentage of population in the labour force,SA,"Seasonally adjusted data, not calendar adjusted data",LM-UN-F-TOT,Unemployment according to ILO definition - females,EA20,Euro area – 20 countries (2023-2025),2020-04,,7.6,,,,,
dataflow,ESTAT:EI_LMHR_M(1.0),Unemployment rate (%) - monthly data,M,Monthly,PC_ACT,Percentage of population in the labour force,SA,"Seasonally adjusted data, not calendar adjusted data",LM-UN-F-TOT,Unemployment according to ILO definition - females,EA20,Euro area – 20 countries (2023-2025),2020-05,,7.9,,,,,
dataflow,ESTAT:EI_LMHR_M(1.0),Unemployment rate (%) - monthly data,M,Monthly,PC_ACT,Percentage of population in the labour force,SA,"Seasonally adjusted data, not calendar adjusted data",LM-UN-F-TOT,Unemployment according to ILO definition - females,EA20,Euro area – 20 countries (2023-2025),2020-06,,8.4,,,,,
dataflow,ESTAT:EI_LMHR_M(1.0),Unemployment rate (%) - monthly data,M,Monthly,PC_ACT,Percentage of population in the labour force,SA,"Seasonally adjusted data, not calendar adjusted data",LM-UN-F-TOT,Unemployment according to ILO definition - females,EA20,Euro area – 20 countries (2023-2025),2020-07,,8.9,,,,,
dataflow,ESTAT:EI_LMHR_M(1.0),Unemployment rate (%) - monthly data,M,Monthly,PC_ACT,Percentage of population in the labour force,SA,"Seasonally adjusted data, not calendar adjusted data",LM-UN-F-TOT,Unemployment according to ILO definition - females,EA20,Euro area – 20 countries (2023-2025),2020-08,,9.1,,,,,
dataflow,ESTAT:EI_LMHR_M(1.0),Unemployment rate (%) - monthly data,M,Monthly,PC_ACT,Percentage of population in the labour force,SA,"Seasonally adjusted data, not calendar adjusted data",LM-UN-F-TOT,Unemployment according to ILO definition - females,EA20,Euro area – 20 countries (2023-2025),2020-09,,9.1,,,,,
dataflow,ESTAT:EI_LMHR_M(1.0),Unemployment rate (%) - monthly data,M,Monthly,PC_ACT,Percentage of population in the labour force,SA,"Seasonally adjusted data, not calendar adjusted data",LM-UN-M-GT25,Unemployment according to ILO definition - over 25 years - males,EA20,Euro area – 20 countries (2023-2025),2018-09,,6.7,,,,,
dataflow,ESTAT:EI_LMHR_M(1.0),Unemployment rate (%) - monthly data,M,Monthly,PC_ACT,Percentage of population in the labour force,SA,"Seasonally adjusted data, not calendar adjusted data",LM-UN-M-GT25,Unemployment according to ILO definition - over 25 years - males,EA20,Euro area – 20 countries (2023-2025),2018-10,,6.7,,,,,
dataflow,ESTAT:EI_LMHR_M(1.0),Unemployment rate (%) - monthly data,M,Monthly,PC_ACT,Percentage of population in the labour force,SA,"Seasonally adjusted data, not calendar adjusted data",LM-UN-M-GT25,Unemployment according to ILO definition - over 25 years - males,EA20,Euro area – 20 countries (2023-2025),2018-11,,6.6,,,,,
dataflow,ESTAT:EI_LMHR_M(1.0),Unemployment rate (%) - monthly data,M,Monthly,PC_ACT,Percentage of population in the labour force,SA,"Seasonally adjusted data, not calendar adjusted data",LM-UN-M-GT25,Unemployment according to ILO definition - over 25 years - males,EA20,Euro area – 20 countries (2023-2025),2018-12,,6.5,,,,,
dataflow,ESTAT:EI_LMHR_M(1.0),Unemployment rate (%) - monthly data,M,Monthly,PC_ACT,Percentage of population in the labour force,SA,"Seasonally adjusted data, not calendar adjusted data",LM-UN-M-GT25,Unemployment according to ILO definition - over 25 years - males,EA20,Euro area – 20 countries (2023-2025),2019-01,,6.5,,,,,
dataflow,ESTAT:EI_LMHR_M(1.0),Unemployment rate (%) - monthly data,M,Monthly,PC_ACT,Percentage of population in the labour force,SA,"Seasonally adjusted data, not calendar adjusted data",LM-UN-M-GT25,Unemployment according to ILO definition - over 25 years - males,EA20,Euro area – 20 countries (2023-2025),2019-02,,6.5,,,,,
dataflow,ESTAT:EI_LMHR_M(1.0),Unemployment rate (%) - monthly data,M,Monthly,PC_ACT,Percentage of population in the labour force,SA,"Seasonally adjusted data, not calendar adjusted data",LM-UN-M-GT25,Unemployment according to ILO definition - over 25 years - males,EA20,Euro area – 20 countries (2023-2025),2019-03,,6.4,,,,,
dataflow,ESTAT:EI_LMHR_M(1.0),Unemployment rate (%) - monthly data,M,Monthly,PC_ACT,Percentage of population in the labour force,SA,"Seasonally adjusted data, not calendar adjusted data",LM-UN-M-GT25,Unemployment according to ILO definition - over 25 years - males,EA20,Euro area – 20 countries (2023-2025),2019-04,,6.5,,,,,
dataflow,ESTAT:EI_LMHR_M(1.0),Unemployment rate (%) - monthly data,M,Monthly,PC_ACT,Percentage of population in the labour force,SA,"Seasonally adjusted data, not calendar adjusted data",LM-UN-M-GT25,Unemployment according to ILO definition - over 25 years - males,EA20,Euro area – 20 countries (2023-2025),2019-05,,6.4,,,,,
dataflow,ESTAT:EI_LMHR_M(1.0),Unemployment rate (%) - monthly data,M,Monthly,PC_ACT,Percentage of population in the labour force,SA,"Seasonally adjusted data, not calendar adjusted data",LM-UN-M-GT25,Unemployment according to ILO definition - over 25 years - males,EA20,Euro area – 20 countries (2023-2025),2019-06,,6.3,,,,,
dataflow,ESTAT:EI_LMHR_M(1.0),Unemployment rate (%) - monthly data,M,Monthly,PC_ACT,Percentage of population in the labour force,SA,"Seasonally adjusted data, not calendar adjusted data",LM-UN-M-GT25,Unemployment according to ILO definition - over 25 years - males,EA20,Euro area – 20 countries (2023-2025),2019-07,,6.3,,,,,
dataflow,ESTAT:EI_LMHR_M(1.0),Unemployment rate (%) - monthly data,M,Monthly,PC_ACT,Percentage of population in the labour force,SA,"Seasonally adjusted data, not calendar adjusted data",LM-UN-M-GT25,Unemployment according to ILO definition - over 25 years - males,EA20,Euro area – 20 countries (2023-2025),2019-08,,6.3,,,,,
dataflow,ESTAT:EI_LMHR_M(1.0),Unemployment rate (%) - monthly data,M,Monthly,PC_ACT,Percentage of population in the labour force,SA,"Seasonally adjusted data, not calendar adjusted data",LM-UN-M-GT25,Unemployment according to ILO definition - over 25 years - males,EA20,Euro area – 20 countries (2023-2025),2019-09,,6.3,,,,,
dataflow,ESTAT:EI_LMHR_M(1.0),Unemployment rate (%) - monthly data,M,Monthly,PC_ACT,Percentage of population in the labour force,SA,"Seasonally adjusted data, not calendar adjusted data",LM-UN-M-GT25,Unemployment according to ILO definition - over 25 years - males,EA20,Euro area – 20 countries (2023-2025),2019-10,,6.2,,,,,
dataflow,ESTAT:EI_LMHR_M(1.0),Unemployment rate (%) - monthly data,M,Monthly,PC_ACT,Percentage of population in the labour force,SA,"Seasonally adjusted data, not calendar adjusted data",LM-UN-M-GT25,Unemployment according to ILO definition - over 25 years - males,EA20,Euro area – 20 countries (2023-2025),2019-11,,6.2,,,,,
dataflow,ESTAT:EI_LMHR_M(1.0),Unemployment rate (%) - monthly data,M,Monthly,PC_ACT,Percentage of population in the labour force,SA,"Seasonally adjusted data, not calendar adjusted data",LM-UN-M-GT25,Unemployment according to ILO definition - over 25 years - males,EA20,Euro area – 20 countries (2023-2025),2019-12,,6.2,,,,,
dataflow,ESTAT:EI_LMHR_M(1.0),Unemployment rate (%) - monthly data,M,Monthly,PC_ACT,Percentage of population in the labour force,SA,"Seasonally adjusted data, not calendar adjusted data",LM-UN-M-GT25,Unemployment according to ILO definition - over 25 years - males,EA20,Euro area – 20 countries (2023-2025),2020-01,,6.1,,,,,
dataflow,ESTAT:EI_LMHR_M(1.0),Unemployment rate (%) - monthly data,M,Monthly,PC_ACT,Percentage of population in the labour force,SA,"Seasonally adjusted data, not calendar adjusted data",LM-UN-M-GT25,Unemployment according to ILO definition - over 25 years - males,EA20,Euro area – 20 countries (2023-2025),2020-02,,6.0,,,,,
dataflow,ESTAT:EI_LMHR_M(1.0),Unemployment rate (%) - monthly data,M,Monthly,PC_ACT,Percentage of population in the labour force,SA,"Seasonally adjusted data, not calendar adjusted data",LM-UN-M-GT25,Unemployment according to ILO definition - over 25 years - males,EA20,Euro area – 20 countries (2023-2025),2020-03,,6.0,,,,,
dataflow,ESTAT:EI_LMHR_M(1.0),Unemployment rate (%) - monthly data,M,Monthly,PC_ACT,Percentage of population in the labour force,SA,"Seasonally adjusted data, not calendar adjusted data",LM-UN-M-GT25,Unemployment according to ILO definition - over 25 years - males,EA20,Euro area – 20 countries (2023-2025),2020-04,,6.3,,,,,
dataflow,ESTAT:EI_LMHR_M(1.0),Unemployment rate (%) - monthly data,M,Monthly,PC_ACT,Percentage of population in the labour force,SA,"Seasonally adjusted data, not calendar adjusted data",LM-UN-M-GT25,Unemployment according to ILO definition - over 25 years - males,EA20,Euro area – 20 countries (2023-2025),2020-05,,6.5,,,,,
dataflow,ESTAT:EI_LMHR_M(1.0),Unemployment rate (%) - monthly data,M,Monthly,PC_ACT,Percentage of population in the labour force,SA,"Seasonally adjusted data, not calendar adjusted data",LM-UN-M-GT25,Unemployment according to ILO definition - over 25 years - males,EA20,Euro area – 20 countries (2023-2025),2020-06,,6.8,,,,,
dataflow,ESTAT:EI_LMHR_M(1.0),Unemployment rate (%) - monthly data,M,Monthly,PC_ACT,Percentage of population in the labour force,SA,"Seasonally adjusted data, not calendar adjusted data",LM-UN-M-GT25,Unemployment according to ILO definition - over 25 years - males,EA20,Euro area – 20 countries (2023-2025),2020-07,,7.1,,,,,
dataflow,ESTAT:EI_LMHR_M(1.0),Unemployment rate (%) - monthly data,M,Monthly,PC_ACT,Percentage of population in the labour force,SA,"Seasonally adjusted data, not calendar adjusted data",LM-UN-M-GT25,Unemployment according to ILO definition - over 25 years - males,EA20,Euro area – 20 countries (2023-2025),2020-08,,7.2,,,,,
dataflow,ESTAT:EI_LMHR_M(1.0),Unemployment rate (%) - monthly data,M,Monthly,PC_ACT,Percentage of population in the labour force,SA,"Seasonally adjusted data, not calendar adjusted data",LM-UN-M-GT25,Unemployment according to ILO definition - over 25 years - males,EA20,Euro area – 20 countries (2023-2025),2020-09,,7.1,,,,,
dataflow,ESTAT:EI_LMHR_M(1.0),Unemployment rate (%) - monthly data,M,Monthly,PC_ACT,Percentage of population in the labour force,SA,"Seasonally adjusted data, not calendar adjusted data",LM-UN-M-LE25,Unemployment according to ILO definition - under 25 years - males,EA20,Euro area – 20 countries (2023-2025),2018-09,,17.8,,,,,
dataflow,ESTAT:EI_LMHR_M(1.0),Unemployment rate (%) - monthly data,M,Monthly,PC_ACT,Percentage of population in the labour force,SA,"Seasonally adjusted data, not calendar adjusted data",LM-UN-M-LE25,Unemployment according to ILO definition - under 25 years - males,EA20,Euro area – 20 countries (2023-2025),2018-10,,17.6,,,,,
dataflow,ESTAT:EI_LMHR_M(1.0),Unemployment rate (%) - monthly data,M,Monthly,PC_ACT,Percentage of population in the labour force,SA,"Seasonally adjusted data, not calendar adjusted data",LM-UN-M-LE25,Unemployment according to ILO definition - under 25 years - males,EA20,Euro area – 20 countries (2023-2025),2018-11,,16.8,,,,,
dataflow,ESTAT:EI_LMHR_M(1.0),Unemployment rate (%) - monthly data,M,Monthly,PC_ACT,Percentage of population in the labour force,SA,"Seasonally adjusted data, not calendar adjusted data",LM-UN-M-LE25,Unemployment according to ILO definition - under 25 years - males,EA20,Euro area – 20 countries (2023-2025),2018-12,,16.6,,,,,
dataflow,ESTAT:EI_LMHR_M(1.0),Unemployment rate (%) - monthly data,M,Monthly,PC_ACT,Percentage of population in the labour force,SA,"Seasonally adjusted data, not calendar adjusted data",LM-UN-M-LE25,Unemployment according to ILO definition - under 25 years - males,EA20,Euro area – 20 countries (2023-2025),2019-01,,17.0,,,,,
dataflow,ESTAT:EI_LMHR_M(1.0),Unemployment rate (%) - monthly data,M,Monthly,PC_ACT,Percentage of population in the labour force,SA,"Seasonally adjusted data, not calendar adjusted data",LM-UN-M-LE25,Unemployment according to ILO definition - under 25 years - males,EA20,Euro area – 20 countries (2023-2025),2019-02,,16.7,,,,,
dataflow,ESTAT:EI_LMHR_M(1.0),Unemployment rate (%) - monthly data,M,Monthly,PC_ACT,Percentage of population in the labour force,SA,"Seasonally adjusted data, not calendar adjusted data",LM-UN-M-LE25,Unemployment according to ILO definition - under 25 years - males,EA20,Euro area – 20 countries (2023-2025),2019-03,,16.8,,,,,
dataflow,ESTAT:EI_LMHR_M(1.0),Unemployment rate (%) - monthly data,M,Monthly,PC_ACT,Percentage of population in the labour force,SA,"Seasonally adjusted data, not calendar adjusted data",LM-UN-M-LE25,Unemployment according to ILO definition - under 25 years - males,EA20,Euro area – 20 countries (2023-2025),2019-04,,16.7,,,,,
dataflow,ESTAT:EI_LMHR_M(1.0),Unemployment rate (%) - monthly data,M,Monthly,PC_ACT,Percentage of population in the labour force,SA,"Seasonally adjusted data, not calendar adjusted data",LM-UN-M-LE25,Unemployment according to ILO definition - under 25 years - males,EA20,Euro area – 20 countries (2023-2025),2019-05,,16.6,,,,,
dataflow,ESTAT:EI_LMHR_M(1.0),Unemployment rate (%) - monthly data,M,Monthly,PC_ACT,Percentage of population in the labour force,SA,"Seasonally adjusted data, not calendar adjusted data",LM-UN-M-LE25,Unemployment according to ILO definition - under 25 years - males,EA20,Euro area – 20 countries (2023-2025),2019-06,,16.3,,,,,
dataflow,ESTAT:EI_LMHR_M(1.0),Unemployment rate (%) - monthly data,M,Monthly,PC_ACT,Percentage of population in the labour force,SA,"Seasonally adjusted data, not calendar adjusted data",LM-UN-M-LE25,Unemployment according to ILO definition - under 25 years - males,EA20,Euro area – 20 countries (2023-2025),2019-07,,16.1,,,,,
dataflow,ESTAT:EI_LMHR_M(1.0),Unemployment rate (%) - monthly data,M,Monthly,PC_ACT,Percentage of population in the labour force,SA,"Seasonally adjusted data, not calendar adjusted data",LM-UN-M-LE25,Unemployment according to ILO definition - under 25 years - males,EA20,Euro area – 20 countries (2023-2025),2019-08,,15.9,,,,,
dataflow,ESTAT:EI_LMHR_M(1.0),Unemployment rate (%) - monthly data,M,Monthly,PC_ACT,Percentage of population in the labour force,SA,"Seasonally adjusted data, not calendar adjusted data",LM-UN-M-LE25,Unemployment according to ILO definition - under 25 years - males,EA20,Euro area – 20 countries (2023-2025),2019-09,,16.3,,,,,
dataflow,ESTAT:EI_LMHR_M(1.0),Unemployment rate (%) - monthly data,M,Monthly,PC_ACT,Percentage of population in the labour force,SA,"Seasonally adjusted data, not calendar adjusted data",LM-UN-M-LE25,Unemployment according to ILO definition - under 25 years - males,EA20,Euro area – 20 countries (2023-2025),2019-10,,16.2,,,,,
dataflow,ESTAT:EI_LMHR_M(1.0),Unemployment rate (%) - monthly data,M,Monthly,PC_ACT,Percentage of population in the labour force,SA,"Seasonally adjusted data, not calendar adjusted data",LM-UN-M-LE25,Unemployment according to ILO definition - under 25 years - males,EA20,Euro area – 20 countries (2023-2025),2019-11,,16.4,,,,,
dataflow,ESTAT:EI_LMHR_M(1.0),Unemployment rate (%) - monthly data,M,Monthly,PC_ACT,Percentage of population in the labour force,SA,"Seasonally adjusted data, not calendar adjusted data",LM-UN-M-LE25,Unemployment according to ILO definition - under 25 years - males,EA20,Euro area – 20 countries (2023-2025),2019-12,,16.4,,,,,
dataflow,ESTAT:EI_LMHR_M(1.0),Unemployment rate (%) - monthly data,M,Monthly,PC_ACT,Percentage of population in the labour force,SA,"Seasonally adjusted data, not calendar adjusted data",LM-UN-M-LE25,Unemployment according to ILO definition - under 25 years - males,EA20,Euro area – 20 countries (2023-2025),2020-01,,16.3,,,,,
dataflow,ESTAT:EI_LMHR_M(1.0),Unemployment rate (%) - monthly data,M,Monthly,PC_ACT,Percentage of population in the labour force,SA,"Seasonally adjusted data, not calendar adjusted data",LM-UN-M-LE25,Unemployment according to ILO definition - under 25 years - males,EA20,Euro area – 20 countries (2023-2025),2020-02,,16.4,,,,,
dataflow,ESTAT:EI_LMHR_M(1.0),Unemployment rate (%) - monthly data,M,Monthly,PC_ACT,Percentage of population in the labour force,SA,"Seasonally adjusted data, not calendar adjusted data",LM-UN-M-LE25,Unemployment according to ILO definition - under 25 years - males,EA20,Euro area – 20 countries (2023-2025),2020-03,,16.4,,,,,
dataflow,ESTAT:EI_LMHR_M(1.0),Unemployment rate (%) - monthly data,M,Monthly,PC_ACT,Percentage of population in the labour force,SA,"Seasonally adjusted data, not calendar adjusted data",LM-UN-M-LE25,Unemployment according to ILO definition - under 25 years - males,EA20,Euro area – 20 countries (2023-2025),2020-04,,17.5,,,,,
dataflow,ESTAT:EI_LMHR_M(1.0),Unemployment rate (%) - monthly data,M,Monthly,PC_ACT,Percentage of population in the labour force,SA,"Seasonally adjusted data, not calendar adjusted data",LM-UN-M-LE25,Unemployment according to ILO definition - under 25 years - males,EA20,Euro area – 20 countries (2023-2025),2020-05,,18.3,,,,,
dataflow,ESTAT:EI_LMHR_M(1.0),Unemployment rate (%) - monthly data,M,Monthly,PC_ACT,Percentage of population in the labour force,SA,"Seasonally adjusted data, not calendar adjusted data",LM-UN-M-LE25,Unemployment according to ILO definition - under 25 years - males,EA20,Euro area – 20 countries (2023-2025),2020-06,,19.1,,,,,
dataflow,ESTAT:EI_LMHR_M(1.0),Unemployment rate (%) - monthly data,M,Monthly,PC_ACT,Percentage of population in the labour force,SA,"Seasonally adjusted data, not calendar adjusted data",LM-UN-M-LE25,Unemployment according to ILO definition - under 25 years - males,EA20,Euro area – 20 countries (2023-2025),2020-07,,19.6,,,,,
dataflow,ESTAT:EI_LMHR_M(1.0),Unemployment rate (%) - monthly data,M,Monthly,PC_ACT,Percentage of population in the labour force,SA,"Seasonally adjusted data, not calendar adjusted data",LM-UN-M-LE25,Unemployment according to ILO definition - under 25 years - males,EA20,Euro area – 20 countries (2023-2025),2020-08,,19.7,,,,,
dataflow,ESTAT:EI_LMHR_M(1.0),Unemployment rate (%) - monthly data,M,Monthly,PC_ACT,Percentage of population in the labour force,SA,"Seasonally adjusted data, not calendar adjusted data",LM-UN-M-LE25,Unemployment according to ILO definition - under 25 years - males,EA20,Euro area – 20 countries (2023-2025),2020-09,,18.9,,,,,
dataflow,ESTAT:EI_LMHR_M(1.0),Unemployment rate (%) - monthly data,M,Monthly,PC_ACT,Percentage of population in the labour force,SA,"Seasonally adjusted data, not calendar adjusted data",LM-UN-M-TOT,Unemployment according to ILO definition - males,EA20,Euro area – 20 countries (2023-2025),2018-09,,7.7,,,,,
dataflow,ESTAT:EI_LMHR_M(1.0),Unemployment rate (%) - monthly data,M,Monthly,PC_ACT,Percentage of population in the labour force,SA,"Seasonally adjusted data, not calendar adjusted data",LM-UN-M-TOT,Unemployment according to ILO definition - males,EA20,Euro area – 20 countries (2023-2025),2018-10,,7.7,,,,,
dataflow,ESTAT:EI_LMHR_M(1.0),Unemployment rate (%) - monthly data,M,Monthly,PC_ACT,Percentage of population in the labour force,SA,"Seasonally adjusted data, not calendar adjusted data",LM-UN-M-TOT,Unemployment according to ILO definition - males,EA20,Euro area – 20 countries (2023-2025),2018-11,,7.6,,,,,
dataflow,ESTAT:EI_LMHR_M(1.0),Unemployment rate (%) - monthly data,M,Monthly,PC_ACT,Percentage of population in the labour force,SA,"Seasonally adjusted data, not calendar adjusted data",LM-UN-M-TOT,Unemployment according to ILO definition - males,EA20,Euro area – 20 countries (2023-2025),2018-12,,7.4,,,,,
dataflow,ESTAT:EI_LMHR_M(1.0),Unemployment rate (%) - monthly data,M,Monthly,PC_ACT,Percentage of population in the labour force,SA,"Seasonally adjusted data, not calendar adjusted data",LM-UN-M-TOT,Unemployment according to ILO definition - males,EA20,Euro area – 20 countries (2023-2025),2019-01,,7.5,,,,,
dataflow,ESTAT:EI_LMHR_M(1.0),Unemployment rate (%) - monthly data,M,Monthly,PC_ACT,Percentage of population in the labour force,SA,"Seasonally adjusted data, not calendar adjusted data",LM-UN-M-TOT,Unemployment according to ILO definition - males,EA20,Euro area – 20 countries (2023-2025),2019-02,,7.4,,,,,
dataflow,ESTAT:EI_LMHR_M(1.0),Unemployment rate (%) - monthly data,M,Monthly,PC_ACT,Percentage of population in the labour force,SA,"Seasonally adjusted data, not calendar adjusted data",LM-UN-M-TOT,Unemployment according to ILO definition - males,EA20,Euro area – 20 countries (2023-2025),2019-03,,7.4,,,,,
dataflow,ESTAT:EI_LMHR_M(1.0),Unemployment rate (%) - monthly data,M,Monthly,PC_ACT,Percentage of population in the labour force,SA,"Seasonally adjusted data, not calendar adjusted data",LM-UN-M-TOT,Unemployment according to ILO definition - males,EA20,Euro area – 20 countries (2023-2025),2019-04,,7.4,,,,,
dataflow,ESTAT:EI_LMHR_M(1.0),Unemployment rate (%) - monthly data,M,Monthly,PC_ACT,Percentage of population in the labour force,SA,"Seasonally adjusted data, not calendar adjusted data",LM-UN-M-TOT,Unemployment according to ILO definition - males,EA20,Euro area – 20 countries (2023-2025),2019-05,,7.3,,,,,
dataflow,ESTAT:EI_LMHR_M(1.0),Unemployment rate (%) - monthly data,M,Monthly,PC_ACT,Percentage of population in the labour force,SA,"Seasonally adjusted data, not calendar adjusted data",LM-UN-M-TOT,Unemployment according to ILO definition - males,EA20,Euro area – 20 countries (2023-2025),2019-06,,7.2,,,,,
dataflow,ESTAT:EI_LMHR_M(1.0),Unemployment rate (%) - monthly data,M,Monthly,PC_ACT,Percentage of population in the labour force,SA,"Seasonally adjusted data, not calendar adjusted data",LM-UN-M-TOT,Unemployment according to ILO definition - males,EA20,Euro area – 20 countries (2023-2025),2019-07,,7.2,,,,,
dataflow,ESTAT:EI_LMHR_M(1.0),Unemployment rate (%) - monthly data,M,Monthly,PC_ACT,Percentage of population in the labour force,SA,"Seasonally adjusted data, not calendar adjusted data",LM-UN-M-TOT,Unemployment according to ILO definition - males,EA20,Euro area – 20 countries (2023-2025),2019-08,,7.1,,,,,
dataflow,ESTAT:EI_LMHR_M(1.0),Unemployment rate (%) - monthly data,M,Monthly,PC_ACT,Percentage of population in the labour force,SA,"Seasonally adjusted data, not calendar adjusted data",LM-UN-M-TOT,Unemployment according to ILO definition - males,EA20,Euro area – 20 countries (2023-2025),2019-09,,7.2,,,,,
dataflow,ESTAT:EI_LMHR_M(1.0),Unemployment rate (%) - monthly data,M,Monthly,PC_ACT,Percentage of population in the labour force,SA,"Seasonally adjusted data, not calendar adjusted data",LM-UN-M-TOT,Unemployment according to ILO definition - males,EA20,Euro area – 20 countries (2023-2025),2019-10,,7.1,,,,,
dataflow,ESTAT:EI_LMHR_M(1.0),Unemployment rate (%) - monthly data,M,Monthly,PC_ACT,Percentage of population in the labour force,SA,"Seasonally adjusted data, not calendar adjusted data",LM-UN-M-TOT,Unemployment according to ILO definition - males,EA20,Euro area – 20 countries (2023-2025),2019-11,,7.1,,,,,
dataflow,ESTAT:EI_LMHR_M(1.0),Unemployment rate (%) - monthly data,M,Monthly,PC_ACT,Percentage of population in the labour force,SA,"Seasonally adjusted data, not calendar adjusted data",LM-UN-M-TOT,Unemployment according to ILO definition - males,EA20,Euro area – 20 countries (2023-2025),2019-12,,7.1,,,,,
dataflow,ESTAT:EI_LMHR_M(1.0),Unemployment rate (%) - monthly data,M,Monthly,PC_ACT,Percentage of population in the labour force,SA,"Seasonally adjusted data, not calendar adjusted data",LM-UN-M-TOT,Unemployment according to ILO definition - males,EA20,Euro area – 20 countries (2023-2025),2020-01,,7.0,,,,,
dataflow,ESTAT:EI_LMHR_M(1.0),Unemployment rate (%) - monthly data,M,Monthly,PC_ACT,Percentage of population in the labour force,SA,"Seasonally adjusted data, not calendar adjusted data",LM-UN-M-TOT,Unemployment according to ILO definition - males,EA20,Euro area – 20 countries (2023-2025),2020-02,,7.0,,,,,
dataflow,ESTAT:EI_LMHR_M(1.0),Unemployment rate (%) - monthly data,M,Monthly,PC_ACT,Percentage of population in the labour force,SA,"Seasonally adjusted data, not calendar adjusted data",LM-UN-M-TOT,Unemployment according to ILO definition - males,EA20,Euro area – 20 countries (2023-2025),2020-03,,6.9,,,,,
dataflow,ESTAT:EI_LMHR_M(1.0),Unemployment rate (%) - monthly data,M,Monthly,PC_ACT,Percentage of population in the labour force,SA,"Seasonally adjusted data, not calendar adjusted data",LM-UN-M-TOT,Unemployment according to ILO definition - males,EA20,Euro area – 20 countries (2023-2025),2020-04,,7.3,,,,,
dataflow,ESTAT:EI_LMHR_M(1.0),Unemployment rate (%) - monthly data,M,Monthly,PC_ACT,Percentage of population in the labour force,SA,"Seasonally adjusted data, not calendar adjusted data",LM-UN-M-TOT,Unemployment according to ILO definition - males,EA20,Euro area – 20 countries (2023-2025),2020-05,,7.5,,,,,
dataflow,ESTAT:EI_LMHR_M(1.0),Unemployment rate (%) - monthly data,M,Monthly,PC_ACT,Percentage of population in the labour force,SA,"Seasonally adjusted data, not calendar adjusted data",LM-UN-M-TOT,Unemployment according to ILO definition - males,EA20,Euro area – 20 countries (2023-2025),2020-06,,7.9,,,,,
dataflow,ESTAT:EI_LMHR_M(1.0),Unemployment rate (%) - monthly data,M,Monthly,PC_ACT,Percentage of population in the labour force,SA,"Seasonally adjusted data, not calendar adjusted data",LM-UN-M-TOT,Unemployment according to ILO definition - males,EA20,Euro area – 20 countries (2023-2025),2020-07,,8.2,,,,,
dataflow,ESTAT:EI_LMHR_M(1.0),Unemployment rate (%) - monthly data,M,Monthly,PC_ACT,Percentage of population in the labour force,SA,"Seasonally adjusted data, not calendar adjusted data",LM-UN-M-TOT,Unemployment according to ILO definition - males,EA20,Euro area – 20 countries (2023-2025),2020-08,,8.3,,,,,
dataflow,ESTAT:EI_LMHR_M(1.0),Unemployment rate (%) - monthly data,M,Monthly,PC_ACT,Percentage of population in the labour force,SA,"Seasonally adjusted data, not calendar adjusted data",LM-UN-M-TOT,Unemployment according to ILO definition - males,EA20,Euro area – 20 countries (2023-2025),2020-09,,8.2,,,,,
dataflow,ESTAT:EI_LMHR_M(1.0),Unemployment rate (%) - monthly data,M,Monthly,PC_ACT,Percentage of population in the labour force,SA,"Seasonally adjusted data, not calendar adjusted data",LM-UN-T-GT25,Unemployment according to ILO definition - over 25 years - total,EA20,Euro area – 20 countries (2023-2025),2018-09,,7.1,,,,,
dataflow,ESTAT:EI_LMHR_M(1.0),Unemployment rate (%) - monthly data,M,Monthly,PC_ACT,Percentage of population in the labour force,SA,"Seasonally adjusted data, not calendar adjusted data",LM-UN-T-GT25,Unemployment according to ILO definition - over 25 years - total,EA20,Euro area – 20 countries (2023-2025),2018-10,,7.1,,,,,
dataflow,ESTAT:EI_LMHR_M(1.0),Unemployment rate (%) - monthly data,M,Monthly,PC_ACT,Percentage of population in the labour force,SA,"Seasonally adjusted data, not calendar adjusted data",LM-UN-T-GT25,Unemployment according to ILO definition - over 25 years - total,EA20,Euro area – 20 countries (2023-2025),2018-11,,7.1,,,,,
dataflow,ESTAT:EI_LMHR_M(1.0),Unemployment rate (%) - monthly data,M,Monthly,PC_ACT,Percentage of population in the labour force,SA,"Seasonally adjusted data, not calendar adjusted data",LM-UN-T-GT25,Unemployment according to ILO definition - over 25 years - total,EA20,Euro area – 20 countries (2023-2025),2018-12,,7.0,,,,,
dataflow,ESTAT:EI_LMHR_M(1.0),Unemployment rate (%) - monthly data,M,Monthly,PC_ACT,Percentage of population in the labour force,SA,"Seasonally adjusted data, not calendar adjusted data",LM-UN-T-GT25,Unemployment according to ILO definition - over 25 years - total,EA20,Euro area – 20 countries (2023-2025),2019-01,,7.0,,,,,
dataflow,ESTAT:EI_LMHR_M(1.0),Unemployment rate (%) - monthly data,M,Monthly,PC_ACT,Percentage of population in the labour force,SA,"Seasonally adjusted data, not calendar adjusted data",LM-UN-T-GT25,Unemployment according to ILO definition - over 25 years - total,EA20,Euro area – 20 countries (2023-2025),2019-02,,7.0,,,,,
dataflow,ESTAT:EI_LMHR_M(1.0),Unemployment rate (%) - monthly data,M,Monthly,PC_ACT,Percentage of population in the labour force,SA,"Seasonally adjusted data, not calendar adjusted data",LM-UN-T-GT25,Unemployment according to ILO definition - over 25 years - total,EA20,Euro area – 20 countries (2023-2025),2019-03,,6.9,,,,,
dataflow,ESTAT:EI_LMHR_M(1.0),Unemployment rate (%) - monthly data,M,Monthly,PC_ACT,Percentage of population in the labour force,SA,"Seasonally adjusted data, not calendar adjusted data",LM-UN-T-GT25,Unemployment according to ILO definition - over 25 years - total,EA20,Euro area – 20 countries (2023-2025),2019-04,,6.9,,,,,
dataflow,ESTAT:EI_LMHR_M(1.0),Unemployment rate (%) - monthly data,M,Monthly,PC_ACT,Percentage of population in the labour force,SA,"Seasonally adjusted data, not calendar adjusted data",LM-UN-T-GT25,Unemployment according to ILO definition - over 25 years - total,EA20,Euro area – 20 countries (2023-2025),2019-05,,6.8,,,,,
dataflow,ESTAT:EI_LMHR_M(1.0),Unemployment rate (%) - monthly data,M,Monthly,PC_ACT,Percentage of population in the labour force,SA,"Seasonally adjusted data, not calendar adjusted data",LM-UN-T-GT25,Unemployment according to ILO definition - over 25 years - total,EA20,Euro area – 20 countries (2023-2025),2019-06,,6.7,,,,,
dataflow,ESTAT:EI_LMHR_M(1.0),Unemployment rate (%) - monthly data,M,Monthly,PC_ACT,Percentage of population in the labour force,SA,"Seasonally adjusted data, not calendar adjusted data",LM-UN-T-GT25,Unemployment according to ILO definition - over 25 years - total,EA20,Euro area – 20 countries (2023-2025),2019-07,,6.7,,,,,
dataflow,ESTAT:EI_LMHR_M(1.0),Unemployment rate (%) - monthly data,M,Monthly,PC_ACT,Percentage of population in the labour force,SA,"Seasonally adjusted data, not calendar adjusted data",LM-UN-T-GT25,Unemployment according to ILO definition - over 25 years - total,EA20,Euro area – 20 countries (2023-2025),2019-08,,6.7,,,,,
dataflow,ESTAT:EI_LMHR_M(1.0),Unemployment rate (%) - monthly data,M,Monthly,PC_ACT,Percentage of population in the labour force,SA,"Seasonally adjusted data, not calendar adjusted data",LM-UN-T-GT25,Unemployment according to ILO definition - over 25 years - total,EA20,Euro area – 20 countries (2023-2025),2019-09,,6.6,,,,,
dataflow,ESTAT:EI_LMHR_M(1.0),Unemployment rate (%) - monthly data,M,Monthly,PC_ACT,Percentage of population in the labour force,SA,"Seasonally adjusted data, not calendar adjusted data",LM-UN-T-GT25,Unemployment according to ILO definition - over 25 years - total,EA20,Euro area – 20 countries (2023-2025),2019-10,,6.6,,,,,
dataflow,ESTAT:EI_LMHR_M(1.0),Unemployment rate (%) - monthly data,M,Monthly,PC_ACT,Percentage of population in the labour force,SA,"Seasonally adjusted data, not calendar adjusted data",LM-UN-T-GT25,Unemployment according to ILO definition - over 25 years - total,EA20,Euro area – 20 countries (2023-2025),2019-11,,6.6,,,,,
dataflow,ESTAT:EI_LMHR_M(1.0),Unemployment rate (%) - monthly data,M,Monthly,PC_ACT,Percentage of population in the labour force,SA,"Seasonally adjusted data, not calendar adjusted data",LM-UN-T-GT25,Unemployment according to ILO definition - over 25 years - total,EA20,Euro area – 20 countries (2023-2025),2019-12,,6.6,,,,,
dataflow,ESTAT:EI_LMHR_M(1.0),Unemployment rate (%) - monthly data,M,Monthly,PC_ACT,Percentage of population in the labour force,SA,"Seasonally adjusted data, not calendar adjusted data",LM-UN-T-GT25,Unemployment according to ILO definition - over 25 years - total,EA20,Euro area – 20 countries (2023-2025),2020-01,,6.6,,,,,
dataflow,ESTAT:EI_LMHR_M(1.0),Unemployment rate (%) - monthly data,M,Monthly,PC_ACT,Percentage of population in the labour force,SA,"Seasonally adjusted data, not calendar adjusted data",LM-UN-T-GT25,Unemployment according to ILO definition - over 25 years - total,EA20,Euro area – 20 countries (2023-2025),2020-02,,6.4,,,,,
dataflow,ESTAT:EI_LMHR_M(1.0),Unemployment rate (%) - monthly data,M,Monthly,PC_ACT,Percentage of population in the labour force,SA,"Seasonally adjusted data, not calendar adjusted data",LM-UN-T-GT25,Unemployment according to ILO definition - over 25 years - total,EA20,Euro area – 20 countries (2023-2025),2020-03,,6.3,,,,,
dataflow,ESTAT:EI_LMHR_M(1.0),Unemployment rate (%) - monthly data,M,Monthly,PC_ACT,Percentage of population in the labour force,SA,"Seasonally adjusted data, not calendar adjusted data",LM-UN-T-GT25,Unemployment according to ILO definition - over 25 years - total,EA20,Euro area – 20 countries (2023-2025),2020-04,,6.5,,,,,
dataflow,ESTAT:EI_LMHR_M(1.0),Unemployment rate (%) - monthly data,M,Monthly,PC_ACT,Percentage of population in the labour force,SA,"Seasonally adjusted data, not calendar adjusted data",LM-UN-T-GT25,Unemployment according to ILO definition - over 25 years - total,EA20,Euro area – 20 countries (2023-2025),2020-05,,6.7,,,,,
dataflow,ESTAT:EI_LMHR_M(1.0),Unemployment rate (%) - monthly data,M,Monthly,PC_ACT,Percentage of population in the labour force,SA,"Seasonally adjusted data, not calendar adjusted data",LM-UN-T-GT25,Unemployment according to ILO definition - over 25 years - total,EA20,Euro area – 20 countries (2023-2025),2020-06,,7.1,,,,,
dataflow,ESTAT:EI_LMHR_M(1.0),Unemployment rate (%) - monthly data,M,Monthly,PC_ACT,Percentage of population in the labour force,SA,"Seasonally adjusted data, not calendar adjusted data",LM-UN-T-GT25,Unemployment according to ILO definition - over 25 years - total,EA20,Euro area – 20 countries (2023-2025),2020-07,,7.5,,,,,
dataflow,ESTAT:EI_LMHR_M(1.0),Unemployment rate (%) - monthly data,M,Monthly,PC_ACT,Percentage of population in the labour force,SA,"Seasonally adjusted data, not calendar adjusted data",LM-UN-T-GT25,Unemployment according to ILO definition - over 25 years - total,EA20,Euro area – 20 countries (2023-2025),2020-08,,7.6,,,,,
dataflow,ESTAT:EI_LMHR_M(1.0),Unemployment rate (%) - monthly data,M,Monthly,PC_ACT,Percentage of population in the labour force,SA,"Seasonally adjusted data, not calendar adjusted data",LM-UN-T-GT25,Unemployment according to ILO definition - over 25 years - total,EA20,Euro area – 20 countries (2023-2025),2020-09,,7.6,,,,,
dataflow,ESTAT:EI_LMHR_M(1.0),Unemployment rate (%) - monthly data,M,Monthly,PC_ACT,Percentage of population in the labour force,SA,"Seasonally adjusted data, not calendar adjusted data",LM-UN-T-LE25,Unemployment according to ILO definition - under 25 years - total,EA20,Euro area – 20 countries (2023-2025),2018-09,,17.3,,,,,
dataflow,ESTAT:EI_LMHR_M(1.0),Unemployment rate (%) - monthly data,M,Monthly,PC_ACT,Percentage of population in the labour force,SA,"Seasonally adjusted data, not calendar adjusted data",LM-UN-T-LE25,Unemployment according to ILO definition - under 25 years - total,EA20,Euro area – 20 countries (2023-2025),2018-10,,17.4,,,,,
dataflow,ESTAT:EI_LMHR_M(1.0),Unemployment rate (%) - monthly data,M,Monthly,PC_ACT,Percentage of population in the labour force,SA,"Seasonally adjusted data, not calendar adjusted data",LM-UN-T-LE25,Unemployment according to ILO definition - under 25 years - total,EA20,Euro area – 20 countries (2023-2025),2018-11,,16.8,,,,,
dataflow,ESTAT:EI_LMHR_M(1.0),Unemployment rate (%) - monthly data,M,Monthly,PC_ACT,Percentage of population in the labour force,SA,"Seasonally adjusted data, not calendar adjusted data",LM-UN-T-LE25,Unemployment according to ILO definition - under 25 years - total,EA20,Euro area – 20 countries (2023-2025),2018-12,,16.8,,,,,
dataflow,ESTAT:EI_LMHR_M(1.0),Unemployment rate (%) - monthly data,M,Monthly,PC_ACT,Percentage of population in the labour force,SA,"Seasonally adjusted data, not calendar adjusted data",LM-UN-T-LE25,Unemployment according to ILO definition - under 25 years - total,EA20,Euro area – 20 countries (2023-2025),2019-01,,16.9,,,,,
dataflow,ESTAT:EI_LMHR_M(1.0),Unemployment rate (%) - monthly data,M,Monthly,PC_ACT,Percentage of population in the labour force,SA,"Seasonally adjusted data, not calendar adjusted data",LM-UN-T-LE25,Unemployment according to ILO definition - under 25 years - total,EA20,Euro area – 20 countries (2023-2025),2019-02,,16.8,,,,,
dataflow,ESTAT:EI_LMHR_M(1.0),Unemployment rate (%) - monthly data,M,Monthly,PC_ACT,Percentage of population in the labour force,SA,"Seasonally adjusted data, not calendar adjusted data",LM-UN-T-LE25,Unemployment according to ILO definition - under 25 years - total,EA20,Euro area – 20 countries (2023-2025),2019-03,,16.6,,,,,
dataflow,ESTAT:EI_LMHR_M(1.0),Unemployment rate (%) - monthly data,M,Monthly,PC_ACT,Percentage of population in the labour force,SA,"Seasonally adjusted data, not calendar adjusted data",LM-UN-T-LE25,Unemployment according to ILO definition - under 25 years - total,EA20,Euro area – 20 countries (2023-2025),2019-04,,16.5,,,,,
dataflow,ESTAT:EI_LMHR_M(1.0),Unemployment rate (%) - monthly data,M,Monthly,PC_ACT,Percentage of population in the labour force,SA,"Seasonally adjusted data, not calendar adjusted data",LM-UN-T-LE25,Unemployment according to ILO definition - under 25 years - total,EA20,Euro area – 20 countries (2023-2025),2019-05,,16.3,,,,,
dataflow,ESTAT:EI_LMHR_M(1.0),Unemployment rate (%) - monthly data,M,Monthly,PC_ACT,Percentage of population in the labour force,SA,"Seasonally adjusted data, not calendar adjusted data",LM-UN-T-LE25,Unemployment according to ILO definition - under 25 years - total,EA20,Euro area – 20 countries (2023-2025),2019-06,,15.9,,,,,
dataflow,ESTAT:EI_LMHR_M(1.0),Unemployment rate (%) - monthly data,M,Monthly,PC_ACT,Percentage of population in the labour force,SA,"Seasonally adjusted data, not calendar adjusted data",LM-UN-T-LE25,Unemployment according to ILO definition - under 25 years - total,EA20,Euro area – 20 countries (2023-2025),2019-07,,15.9,,,,,
dataflow,ESTAT:EI_LMHR_M(1.0),Unemployment rate (%) - monthly data,M,Monthly,PC_ACT,Percentage of population in the labour force,SA,"Seasonally adjusted data, not calendar adjusted data",LM-UN-T-LE25,Unemployment according to ILO definition - under 25 years - total,EA20,Euro area – 20 countries (2023-2025),2019-08,,15.7,,,,,
dataflow,ESTAT:EI_LMHR_M(1.0),Unemployment rate (%) - monthly data,M,Monthly,PC_ACT,Percentage of population in the labour force,SA,"Seasonally adjusted data, not calendar adjusted data",LM-UN-T-LE25,Unemployment according to ILO definition - under 25 years - total,EA20,Euro area – 20 countries (2023-2025),2019-09,,16.1,,,,,
dataflow,ESTAT:EI_LMHR_M(1.0),Unemployment rate (%) - monthly data,M,Monthly,PC_ACT,Percentage of population in the labour force,SA,"Seasonally adjusted data, not calendar adjusted data",LM-UN-T-LE25,Unemployment according to ILO definition - under 25 years - total,EA20,Euro area – 20 countries (2023-2025),2019-10,,16.3,,,,,
dataflow,ESTAT:EI_LMHR_M(1.0),Unemployment rate (%) - monthly data,M,Monthly,PC_ACT,Percentage of population in the labour force,SA,"Seasonally adjusted data, not calendar adjusted data",LM-UN-T-LE25,Unemployment according to ILO definition - under 25 years - total,EA20,Euro area – 20 countries (2023-2025),2019-11,,16.4,,,,,
dataflow,ESTAT:EI_LMHR_M(1.0),Unemployment rate (%) - monthly data,M,Monthly,PC_ACT,Percentage of population in the labour force,SA,"Seasonally adjusted data, not calendar adjusted data",LM-UN-T-LE25,Unemployment according to ILO definition - under 25 years - total,EA20,Euro area – 20 countries (2023-2025),2019-12,,16.5,,,,,
dataflow,ESTAT:EI_LMHR_M(1.0),Unemployment rate (%) - monthly data,M,Monthly,PC_ACT,Percentage of population in the labour force,SA,"Seasonally adjusted data, not calendar adjusted data",LM-UN-T-LE25,Unemployment according to ILO definition - under 25 years - total,EA20,Euro area – 20 countries (2023-2025),2020-01,,16.5,,,,,
dataflow,ESTAT:EI_LMHR_M(1.0),Unemployment rate (%) - monthly data,M,Monthly,PC_ACT,Percentage of population in the labour force,SA,"Seasonally adjusted data, not calendar adjusted data",LM-UN-T-LE25,Unemployment according to ILO definition - under 25 years - total,EA20,Euro area – 20 countries (2023-2025),2020-02,,16.4,,,,,
dataflow,ESTAT:EI_LMHR_M(1.0),Unemployment rate (%) - monthly data,M,Monthly,PC_ACT,Percentage of population in the labour force,SA,"Seasonally adjusted data, not calendar adjusted data",LM-UN-T-LE25,Unemployment according to ILO definition - under 25 years - total,EA20,Euro area – 20 countries (2023-2025),2020-03,,16.4,,,,,
dataflow,ESTAT:EI_LMHR_M(1.0),Unemployment rate (%) - monthly data,M,Monthly,PC_ACT,Percentage of population in the labour force,SA,"Seasonally adjusted data, not calendar adjusted data",LM-UN-T-LE25,Unemployment according to ILO definition - under 25 years - total,EA20,Euro area – 20 countries (2023-2025),2020-04,,17.4,,,,,
dataflow,ESTAT:EI_LMHR_M(1.0),Unemployment rate (%) - monthly data,M,Monthly,PC_ACT,Percentage of population in the labour force,SA,"Seasonally adjusted data, not calendar adjusted data",LM-UN-T-LE25,Unemployment according to ILO definition - under 25 years - total,EA20,Euro area – 20 countries (2023-2025),2020-05,,18.3,,,,,
dataflow,ESTAT:EI_LMHR_M(1.0),Unemployment rate (%) - monthly data,M,Monthly,PC_ACT,Percentage of population in the labour force,SA,"Seasonally adjusted data, not calendar adjusted data",LM-UN-T-LE25,Unemployment according to ILO definition - under 25 years - total,EA20,Euro area – 20 countries (2023-2025),2020-06,,19.1,,,,,
dataflow,ESTAT:EI_LMHR_M(1.0),Unemployment rate (%) - monthly data,M,Monthly,PC_ACT,Percentage of population in the labour force,SA,"Seasonally adjusted data, not calendar adjusted data",LM-UN-T-LE25,Unemployment according to ILO definition - under 25 years - total,EA20,Euro area – 20 countries (2023-2025),2020-07,,19.8,,,,,
dataflow,ESTAT:EI_LMHR_M(1.0),Unemployment rate (%) - monthly data,M,Monthly,PC_ACT,Percentage of population in the labour force,SA,"Seasonally adjusted data, not calendar adjusted data",LM-UN-T-LE25,Unemployment according to ILO definition - under 25 years - total,EA20,Euro area – 20 countries (2023-2025),2020-08,,19.9,,,,,
dataflow,ESTAT:EI_LMHR_M(1.0),Unemployment rate (%) - monthly data,M,Monthly,PC_ACT,Percentage of population in the labour force,SA,"Seasonally adjusted data, not calendar adjusted data",LM-UN-T-LE25,Unemployment according to ILO definition - under 25 years - total,EA20,Euro area – 20 countries (2023-2025),2020-09,,19.0,,,,,
dataflow,ESTAT:EI_LMHR_M(1.0),Unemployment rate (%) - monthly data,M,Monthly,PC_ACT,Percentage of population in the labour force,SA,"Seasonally adjusted data, not calendar adjusted data",LM-UN-T-TOT,Unemployment according to ILO definition - total,EA20,Euro area – 20 countries (2023-2025),2018-09,,8.0,,,,,
dataflow,ESTAT:EI_LMHR_M(1.0),Unemployment rate (%) - monthly data,M,Monthly,PC_ACT,Percentage of population in the labour force,SA,"Seasonally adjusted data, not calendar adjusted data",LM-UN-T-TOT,Unemployment according to ILO definition - total,EA20,Euro area – 20 countries (2023-2025),2018-10,,8.0,,,,,
dataflow,ESTAT:EI_LMHR_M(1.0),Unemployment rate (%) - monthly data,M,Monthly,PC_ACT,Percentage of population in the labour force,SA,"Seasonally adjusted data, not calendar adjusted data",LM-UN-T-TOT,Unemployment according to ILO definition - total,EA20,Euro area – 20 countries (2023-2025),2018-11,,7.9,,,,,
dataflow,ESTAT:EI_LMHR_M(1.0),Unemployment rate (%) - monthly data,M,Monthly,PC_ACT,Percentage of population in the labour force,SA,"Seasonally adjusted data, not calendar adjusted data",LM-UN-T-TOT,Unemployment according to ILO definition - total,EA20,Euro area – 20 countries (2023-2025),2018-12,,7.9,,,,,
dataflow,ESTAT:EI_LMHR_M(1.0),Unemployment rate (%) - monthly data,M,Monthly,PC_ACT,Percentage of population in the labour force,SA,"Seasonally adjusted data, not calendar adjusted data",LM-UN-T-TOT,Unemployment according to ILO definition - total,EA20,Euro area – 20 countries (2023-2025),2019-01,,7.9,,,,,
dataflow,ESTAT:EI_LMHR_M(1.0),Unemployment rate (%) - monthly data,M,Monthly,PC_ACT,Percentage of population in the labour force,SA,"Seasonally adjusted data, not calendar adjusted data",LM-UN-T-TOT,Unemployment according to ILO definition - total,EA20,Euro area – 20 countries (2023-2025),2019-02,,7.8,,,,,
dataflow,ESTAT:EI_LMHR_M(1.0),Unemployment rate (%) - monthly data,M,Monthly,PC_ACT,Percentage of population in the labour force,SA,"Seasonally adjusted data, not calendar adjusted data",LM-UN-T-TOT,Unemployment according to ILO definition - total,EA20,Euro area – 20 countries (2023-2025),2019-03,,7.7,,,,,
dataflow,ESTAT:EI_LMHR_M(1.0),Unemployment rate (%) - monthly data,M,Monthly,PC_ACT,Percentage of population in the labour force,SA,"Seasonally adjusted data, not calendar adjusted data",LM-UN-T-TOT,Unemployment according to ILO definition - total,EA20,Euro area – 20 countries (2023-2025),2019-04,,7.7,,,,,
dataflow,ESTAT:EI_LMHR_M(1.0),Unemployment rate (%) - monthly data,M,Monthly,PC_ACT,Percentage of population in the labour force,SA,"Seasonally adjusted data, not calendar adjusted data",LM-UN-T-TOT,Unemployment according to ILO definition - total,EA20,Euro area – 20 countries (2023-2025),2019-05,,7.6,,,,,
dataflow,ESTAT:EI_LMHR_M(1.0),Unemployment rate (%) - monthly data,M,Monthly,PC_ACT,Percentage of population in the labour force,SA,"Seasonally adjusted data, not calendar adjusted data",LM-UN-T-TOT,Unemployment according to ILO definition - total,EA20,Euro area – 20 countries (2023-2025),2019-06,,7.5,,,,,
dataflow,ESTAT:EI_LMHR_M(1.0),Unemployment rate (%) - monthly data,M,Monthly,PC_ACT,Percentage of population in the labour force,SA,"Seasonally adjusted data, not calendar adjusted data",LM-UN-T-TOT,Unemployment according to ILO definition - total,EA20,Euro area – 20 countries (2023-2025),2019-07,,7.5,,,,,
dataflow,ESTAT:EI_LMHR_M(1.0),Unemployment rate (%) - monthly data,M,Monthly,PC_ACT,Percentage of population in the labour force,SA,"Seasonally adjusted data, not calendar adjusted data",LM-UN-T-TOT,Unemployment according to ILO definition - total,EA20,Euro area – 20 countries (2023-2025),2019-08,,7.5,,,,,
dataflow,ESTAT:EI_LMHR_M(1.0),Unemployment rate (%) - monthly data,M,Monthly,PC_ACT,Percentage of population in the labour force,SA,"Seasonally adjusted data, not calendar adjusted data",LM-UN-T-TOT,Unemployment according to ILO definition - total,EA20,Euro area – 20 countries (2023-2025),2019-09,,7.5,,,,,
dataflow,ESTAT:EI_LMHR_M(1.0),Unemployment rate (%) - monthly data,M,Monthly,PC_ACT,Percentage of population in the labour force,SA,"Seasonally adjusted data, not calendar adjusted data",LM-UN-T-TOT,Unemployment according to ILO definition - total,EA20,Euro area – 20 countries (2023-2025),2019-10,,7.4,,,,,
dataflow,ESTAT:EI_LMHR_M(1.0),Unemployment rate (%) - monthly data,M,Monthly,PC_ACT,Percentage of population in the labour force,SA,"Seasonally adjusted data, not calendar adjusted data",LM-UN-T-TOT,Unemployment according to ILO definition - total,EA20,Euro area – 20 countries (2023-2025),2019-11,,7.5,,,,,
dataflow,ESTAT:EI_LMHR_M(1.0),Unemployment rate (%) - monthly data,M,Monthly,PC_ACT,Percentage of population in the labour force,SA,"Seasonally adjusted data, not calendar adjusted data",LM-UN-T-TOT,Unemployment according to ILO definition - total,EA20,Euro area – 20 countries (2023-2025),2019-12,,7.5,,,,,
dataflow,ESTAT:EI_LMHR_M(1.0),Unemployment rate (%) - monthly data,M,Monthly,PC_ACT,Percentage of population in the labour force,SA,"Seasonally adjusted data, not calendar adjusted data",LM-UN-T-TOT,Unemployment according to ILO definition - total,EA20,Euro area – 20 countries (2023-2025),2020-01,,7.5,,,,,
dataflow,ESTAT:EI_LMHR_M(1.0),Unemployment rate (%) - monthly data,M,Monthly,PC_ACT,Percentage of population in the labour force,SA,"Seasonally adjusted data, not calendar adjusted data",LM-UN-T-TOT,Unemployment according to ILO definition - total,EA20,Euro area – 20 countries (2023-2025),2020-02,,7.3,,,,,
dataflow,ESTAT:EI_LMHR_M(1.0),Unemployment rate (%) - monthly data,M,Monthly,PC_ACT,Percentage of population in the labour force,SA,"Seasonally adjusted data, not calendar adjusted data",LM-UN-T-TOT,Unemployment according to ILO definition - total,EA20,Euro area – 20 countries (2023-2025),2020-03,,7.2,,,,,
dataflow,ESTAT:EI_LMHR_M(1.0),Unemployment rate (%) - monthly data,M,Monthly,PC_ACT,Percentage of population in the labour force,SA,"Seasonally adjusted data, not calendar adjusted data",LM-UN-T-TOT,Unemployment according to ILO definition - total,EA20,Euro area – 20 countries (2023-2025),2020-04,,7.4,,,,,
dataflow,ESTAT:EI_LMHR_M(1.0),Unemployment rate (%) - monthly data,M,Monthly,PC_ACT,Percentage of population in the labour force,SA,"Seasonally adjusted data, not calendar adjusted data",LM-UN-T-TOT,Unemployment according to ILO definition - total,EA20,Euro area – 20 countries (2023-2025),2020-05,,7.7,,,,,
dataflow,ESTAT:EI_LMHR_M(1.0),Unemployment rate (%) - monthly data,M,Monthly,PC_ACT,Percentage of population in the labour force,SA,"Seasonally adjusted data, not calendar adjusted data",LM-UN-T-TOT,Unemployment according to ILO definition - total,EA20,Euro area – 20 countries (2023-2025),2020-06,,8.1,,,,,
dataflow,ESTAT:EI_LMHR_M(1.0),Unemployment rate (%) - monthly data,M,Monthly,PC_ACT,Percentage of population in the labour force,SA,"Seasonally adjusted data, not calendar adjusted data",LM-UN-T-TOT,Unemployment according to ILO definition - total,EA20,Euro area – 20 countries (2023-2025),2020-07,,8.5,,,,,
dataflow,ESTAT:EI_LMHR_M(1.0),Unemployment rate (%) - monthly data,M,Monthly,PC_ACT,Percentage of population in the labour force,SA,"Seasonally adjusted data, not calendar adjusted data",LM-UN-T-TOT,Unemployment according to ILO definition - total,EA20,Euro area – 20 countries (2023-2025),2020-08,,8.6,,,,,
dataflow,ESTAT:EI_LMHR_M(1.0),Unemployment rate (%) - monthly data,M,Monthly,PC_ACT,Percentage of population in the labour force,SA,"Seasonally adjusted data, not calendar adjusted data",LM-UN-T-TOT,Unemployment according to ILO definition - total,EA20,Euro area – 20 countries (2023-2025),2020-09,,8.6,,,,,
